verse,text,neutral,positive,negative,narrator,y
1,"Μῆνιν ἄειδε, θεά, Πηληιάδεω Ἀχιλῆος",0.375,0.5,0.125,0,"[0.375, 0.5, 0.125, 0.0]"
2,"οὐλομένην, ἣ μυρί’ Ἀχαιοῖς ἄλγε’ ἔθηκε,",0.125,0.25,0.625,0,"[0.125, 0.25, 0.625, 0.0]"
3,πολλὰς δ’ ἰφθίμους ψυχὰς Ἄϊδι προΐαψεν,0,0.125,0.875,0,"[0.0, 0.125, 0.875, 0.0]"
4,"ἡρώων, αὐτοὺς δὲ ἑλώρια τεῦχε κύνεσσιν",0,0.125,0.875,0,"[0.0, 0.125, 0.875, 0.0]"
5,οἰωνοῖσί τε πᾶσι· Διὸς δ’ ἐτελείετο βουλή·,0.5,0.125,0.375,0,"[0.5, 0.125, 0.375, 0.0]"
6,ἐξ οὗ δὴ τὰ πρῶτα διαστήτην ἐρίσαντε,0.375,0.125,0.5,0,"[0.375, 0.125, 0.5, 0.0]"
7,Ἀτρεΐδης τε ἄναξ ἀνδρῶν καὶ δῖος Ἀχιλλεύς.,0.25,0.5,0.25,0,"[0.25, 0.5, 0.25, 0.0]"
8,Τίς γάρ σφωε θεῶν ἔριδι ξυνέηκε μάχεσθαι;,0,0,0,1,"[0.0, 0.0, 0.0, 1.0]"
9,Λητοῦς καὶ Διὸς υἱός· ὃ γὰρ βασιλῆι χολωθεὶς,0.75,0.125,0,0.125,"[0.75, 0.125, 0.0, 0.125]"
10,"νοῦσον ἀνὰ στρατὸν ὦρσε κακήν, ὀλέκοντο δὲ λαοί,   ",0,0.125,0.875,0,"[0.0, 0.125, 0.875, 0.0]"
11,οὕνεκα τὸν Χρύσην ἠτίμασεν ἀρητῆρα,0.5,0,0.5,0,"[0.5, 0.0, 0.5, 0.0]"
12,Ἀτρεΐδης· ὃ γὰρ ἦλθε θοὰς ἐπὶ νῆας Ἀχαιῶν,0.75,0.125,0,0.125,"[0.75, 0.125, 0.0, 0.125]"
13,"λυσόμενός τε θύγατρα φέρων τ’ ἀπερείσι’ ἄποινα,",0.125,0.5,0.375,0,"[0.125, 0.5, 0.375, 0.0]"
14,στέμματ' ἔχων ἐν χερσὶν ἑκηβόλου Ἀπόλλωνος,0.5,0.375,0,0.125,"[0.5, 0.375, 0.0, 0.125]"
15,"χρυσέῳ ἀνὰ σκήπτρῳ, καὶ λίσσετο πάντας Ἀχαιούς,",0.25,0.5,0.25,0,"[0.25, 0.5, 0.25, 0.0]"
16,"Ἀτρεΐδα δὲ μάλιστα δύω, κοσμήτορε λαῶν·",0.625,0.25,0.125,0,"[0.625, 0.25, 0.125, 0.0]"
17,"Ἀτρεΐδαι τε καὶ ἄλλοι ἐϋκνήμιδες Ἀχαιοί,",0.25,0.5,0.25,0,"[0.25, 0.5, 0.25, 0.0]"
18,ὑμῖν μὲν θεοὶ δοῖεν Ὀλύμπια δώματ’ ἔχοντες,0.375,0.5,0,0.125,"[0.375, 0.5, 0.0, 0.125]"
19,"ἐκπέρσαι Πριάμοιο πόλιν, εὖ δ’ οἴκαδ’ ἱκέσθαι·",0.125,0.875,0,0,"[0.125, 0.875, 0.0, 0.0]"
20,"παῖδα δ' ἐμοὶ λύσαιτε φίλην, τὰ δ’ ἄποινα δέχεσθαι,   ",0.125,0.75,0.125,0,"[0.125, 0.75, 0.125, 0.0]"
21,ἁζόμενοι Διὸς υἱὸν ἑκηβόλον Ἀπόλλωνα.,0,0,0,1,"[0.0, 0.0, 0.0, 1.0]"
22,Ἔνθ' ἄλλοι μὲν πάντες ἐπευφήμησαν Ἀχαιοὶ,0.375,0.5,0.125,0,"[0.375, 0.5, 0.125, 0.0]"
23,αἰδεῖσθαί θ’ ἱερῆα καὶ ἀγλαὰ δέχθαι ἄποινα·,0.5,0.25,0.25,0,"[0.5, 0.25, 0.25, 0.0]"
24,"ἀλλ' οὐκ Ἀτρεΐδῃ Ἀγαμέμνονι ἥνδανε θυμῷ,",0.25,0.125,0.625,0,"[0.25, 0.125, 0.625, 0.0]"
25,"ἀλλὰ κακῶς ἀφίει, κρατερὸν δ’ ἐπὶ μῦθον ἔτελλε·",0.125,0,0.875,0,"[0.125, 0.0, 0.875, 0.0]"
26,"Μή σε, γέρον κοίλῃσιν ἐγὼ παρὰ νηυσὶ κιχείω",0,0,1,0,"[0.0, 0.0, 1.0, 0.0]"
27,"ἢ νῦν δηθύνοντ’ ἢ ὕστερον αὖτις ἰόντα,",0.375,0,0.625,0,"[0.375, 0.0, 0.625, 0.0]"
28,μή νύ τοι οὐ χραίσμῃ σκῆπτρον καὶ στέμμα θεοῖο·,0,0,1,0,"[0.0, 0.0, 1.0, 0.0]"
29,τὴν δ’ ἐγὼ οὐ λύσω· πρίν μιν καὶ γῆρας ἔπεισιν,0,0,1,0,"[0.0, 0.0, 1.0, 0.0]"
30,"ἡμετέρῳ ἐνὶ οἴκῳ ἐν Ἄργεϊ, τηλόθι πάτρης,   ",0.25,0,0.75,0,"[0.25, 0.0, 0.75, 0.0]"
31,ἱστὸν ἐποιχομένην καὶ ἐμὸν λέχος ἀντιόωσαν·,0.25,0,0.75,0,"[0.25, 0.0, 0.75, 0.0]"
32,"ἀλλ’ ἴθι μή μ’ ἐρέθιζε, σαώτερος ὥς κε νέηαι.",0,0,1,0,"[0.0, 0.0, 1.0, 0.0]"
33,Ὣς ἔφατ’· ἔδεισεν δ’ ὁ γέρων καὶ ἐπείθετο μύθῳ·,0,0,0,1,"[0.0, 0.0, 0.0, 1.0]"
34,βῆ δ’ ἀκέων παρὰ θῖνα πολυφλοίσβοιο θαλάσσης·,0.25,0.25,0.5,0,"[0.25, 0.25, 0.5, 0.0]"
35,πολλὰ δ’ ἔπειτ’ ἀπάνευθε κιὼν ἠρᾶθ’ ὁ γεραιὸς,0.375,0.375,0.125,0.125,"[0.375, 0.375, 0.125, 0.125]"
36,"Ἀπόλλωνι ἄνακτι, τὸν ἠύκομος τέκε Λητώ·",0.5,0.25,0.125,0.125,"[0.5, 0.25, 0.125, 0.125]"
37,"Κλῦθί μευ, Ἀργυρότοξ’, ὃς Χρύσην ἀμφιβέβηκας",0.375,0.5,0,0.125,"[0.375, 0.5, 0.0, 0.125]"
38,"Κίλλάν τε ζαθέην Τενέδοιό τε ἶφι ἀνάσσεις,",0.375,0.5,0,0.125,"[0.375, 0.5, 0.0, 0.125]"
39,"Σμινθεῦ, εἴ ποτέ τοι χαρίεντ’ ἐπὶ νηὸν ἔρεψα,",0.25,0.5,0.125,0.125,"[0.25, 0.5, 0.125, 0.125]"
40,ἢ εἰ δή ποτέ τοι κατὰ πίονα μηρί’ ἔκηα   ,0.375,0.375,0.25,0,"[0.375, 0.375, 0.25, 0.0]"
41,"ταύρων ἠδ’ αἰγῶν, τὸδε μοι κρήηνον ἐέλδωρ·",0.375,0.375,0.25,0,"[0.375, 0.375, 0.25, 0.0]"
42,τίσειαν Δαναοὶ ἐμὰ δάκρυα σοῖσι βέλεσσιν.,0,0.5,0.5,0,"[0.0, 0.5, 0.5, 0.0]"
43,"Ὣς ἔφατ’ εὐχόμενος, τοῦ δ’ ἔκλυε Φοῖβος Ἀπόλλων,",0,0,0,1,"[0.0, 0.0, 0.0, 1.0]"
44,"βῆ δὲ κατ’ Οὐλύμποιο καρήνων χωόμενος κῆρ,",0,0.5,0.5,0,"[0.0, 0.5, 0.5, 0.0]"
45,τόξ’ ὤμοισιν ἔχων ἀμφηρεφέα τε φαρέτρην·,0.125,0.5,0.25,0.125,"[0.125, 0.5, 0.25, 0.125]"
46,"ἔκλαγξαν δ’ ἄρ’ ὀιστοὶ ἐπ’ ὤμων χωομένοιο,",0,0.5,0.5,0,"[0.0, 0.5, 0.5, 0.0]"
47,αὐτοῦ κινηθέντος· ὁ δ’ ἤιε νυκτὶ ἐοικώς·,0.125,0.5,0.25,0.125,"[0.125, 0.5, 0.25, 0.125]"
48,"ἕζετ’ ἔπειτ’ ἀπάνευθε νεῶν, μετὰ δ’ ἰὸν ἕηκε·",0.125,0.375,0.375,0.125,"[0.125, 0.375, 0.375, 0.125]"
49,δεινὴ δὲ κλαγγὴ γένετ’ ἀργυρέοιο βιοῖο·,0,0.375,0.625,0,"[0.0, 0.375, 0.625, 0.0]"
50,"οὐρῆας μὲν πρῶτον ἐπῴχετο καὶ κύνας ἀργούς,   ",0,0.375,0.625,0,"[0.0, 0.375, 0.625, 0.0]"
51,αὐτὰρ ἔπειτ’ αὐτοῖσι βέλος ἐχεπευκὲς ἐφιεὶς,0,0.25,0.75,0,"[0.0, 0.25, 0.75, 0.0]"
52,βάλλ’· αἰεὶ δὲ πυραὶ νεκύων καίοντο θαμειαί.,0,0.25,0.75,0,"[0.0, 0.25, 0.75, 0.0]"
53,"Ἐννῆμαρ μὲν ἀνὰ στρατὸν ᾤχετο κῆλα θεοῖο,",0,0,0,1,"[0.0, 0.0, 0.0, 1.0]"
54,τῇ δεκάτῃ δ' ἀγορὴν δὲ καλέσσατο λαὸν Ἀχιλλεύς·,0.375,0.625,0,0,"[0.375, 0.625, 0.0, 0.0]"
55,τῷ γὰρ ἐπὶ φρεσὶ θῆκε θεὰ λευκώλενος Ἥρη·,0.25,0.75,0,0,"[0.25, 0.75, 0.0, 0.0]"
56,"κήδετο γὰρ Δαναῶν, ὅτι ῥα θνήσκοντας ὁρᾶτο·",0.125,0.375,0.5,0,"[0.125, 0.375, 0.5, 0.0]"
57,"οἳ δ’ ἐπεὶ οὖν ἤγερθεν ὁμηγερέες τ’ ἐγένοντο,",0.375,0.625,0,0,"[0.375, 0.625, 0.0, 0.0]"
58,τοῖσι δ’ ἀνιστάμενος μετέφη πόδας ὠκὺς Ἀχιλλεύς·,0.25,0.625,0,0.125,"[0.25, 0.625, 0.0, 0.125]"
59,"Ἀτρεΐδη, νῦν ἄμμε παλιμπλαγχθέντας ὀίω",0.125,0.875,0,0,"[0.125, 0.875, 0.0, 0.0]"
60,"ἂψ ἀπονοστήσειν, εἴ κεν θάνατόν γε φύγοιμεν,   ",0.125,0.5,0.375,0,"[0.125, 0.5, 0.375, 0.0]"
61,εἰ δὴ ὁμοῦ πόλεμός τε δαμᾷ καὶ λοιμὸς Ἀχαιούς·,0.125,0.375,0.5,0,"[0.125, 0.375, 0.5, 0.0]"
62,"ἀλλ’ ἄγε δή τινα μάντιν ἐρείομεν ἢ ἱερῆα,",0.25,0.625,0.125,0,"[0.25, 0.625, 0.125, 0.0]"
63,"ἢ καὶ ὀνειροπόλον, καὶ γάρ τ’ ὄναρ ἐκ Διός ἐστιν,",0.5,0.375,0.125,0,"[0.5, 0.375, 0.125, 0.0]"
64,"ὅς κ’ εἴποι ὅ τι τόσσον ἐχώσατο Φοῖβος Ἀπόλλων,",0.25,0.25,0.375,0.125,"[0.25, 0.25, 0.375, 0.125]"
65,"εἴ ταρ ὅ γ’ εὐχωλῆς ἐπιμέμφεται ἠδ’ ἑκατόμβης,",0.375,0.125,0.375,0.125,"[0.375, 0.125, 0.375, 0.125]"
66,αἴ κέν πως ἀρνῶν κνίσης αἰγῶν τε τελείων,0.5,0.375,0.125,0,"[0.5, 0.375, 0.125, 0.0]"
67,βούλεται ἀντιάσας ἡμῖν ἀπὸ λοιγὸν ἀμῦναι.,0.625,0.375,0,0,"[0.625, 0.375, 0.0, 0.0]"
68,Ἤτοι ὅ γ’ ὣς εἰπὼν κατ’ ἄρ’ ἕζετο· τοῖσι δ’ ἀνέστη,0,0,0,1,"[0.0, 0.0, 0.0, 1.0]"
69,"Κάλχας Θεστορίδης, οἰωνοπόλων ὄχ’ ἄριστος,",0.25,0.625,0,0.125,"[0.25, 0.625, 0.0, 0.125]"
70,"ὃς ᾔδη τά τ’ ἐόντα τά τ’ ἐσσόμενα πρό τ’ ἐόντα,   ",0.375,0.5,0,0.125,"[0.375, 0.5, 0.0, 0.125]"
71,καὶ νήεσσ’ ἡγήσατ’ Ἀχαιῶν Ἴλιον εἴσω,0.375,0.5,0,0.125,"[0.375, 0.5, 0.0, 0.125]"
72,"ἣν διὰ μαντοσύνην, τήν οἱ πόρε Φοῖβος Ἀπόλλων·",0.25,0.625,0.125,0,"[0.25, 0.625, 0.125, 0.0]"
73,ὅ σφιν ἐὺ φρονέων ἀγορήσατο καὶ μετέειπεν·,0.5,0.5,0,0,"[0.5, 0.5, 0.0, 0.0]"
74,"Ὦ Ἀχιλεῦ, κέλεαί με, Διῒ φίλε, μυθήσασθαι",0.5,0.375,0.125,0,"[0.5, 0.375, 0.125, 0.0]"
75,μῆνιν Ἀπόλλωνος ἑκατηβελέταο ἄνακτος·,0.5,0.25,0.125,0.125,"[0.5, 0.25, 0.125, 0.125]"
76,τοὶ γὰρ ἐγὼν ἐρέω· σὺ δὲ σύνθεο καί μοι ὄμοσσον,0.375,0.5,0.125,0,"[0.375, 0.5, 0.125, 0.0]"
77,ἦ μέν μοι πρόφρων ἔπεσιν καὶ χερσὶν ἀρήξειν·,0.375,0.625,0,0,"[0.375, 0.625, 0.0, 0.0]"
78,"ἦ γὰρ ὀίομαι ἄνδρα χολωσέμεν, ὃς μέγα πάντων",0.125,0.25,0.625,0,"[0.125, 0.25, 0.625, 0.0]"
79,Ἀργείων κρατέει καί οἱ πείθονται Ἀχαιοί·,0.25,0.25,0.5,0,"[0.25, 0.25, 0.5, 0.0]"
80,κρείσσων γὰρ βασιλεὺς ὅτε χώσεται ἀνδρὶ χέρηι·   ,0.25,0.375,0.375,0,"[0.25, 0.375, 0.375, 0.0]"
81,"εἴ περ γάρ τε χόλον γε καὶ αὐτῆμαρ καταπέψῃ,",0.5,0.125,0.375,0,"[0.5, 0.125, 0.375, 0.0]"
82,"ἀλλά τε καὶ μετόπισθεν ἔχει κότον, ὄφρα τελέσσῃ,",0.375,0.25,0.375,0,"[0.375, 0.25, 0.375, 0.0]"
83,ἐν στήθεσσιν ἑοῖσι· σὺ δὲ φράσαι εἴ με σαώσεις.,0.5,0.375,0.125,0,"[0.5, 0.375, 0.125, 0.0]"
84,Τὸν δ’ ἀπαμειβόμενος προσέφη πόδας ὠκὺς Ἀχιλλεύς·,0,0,0,1,"[0.0, 0.0, 0.0, 1.0]"
85,Θαρσήσας μάλα εἰπὲ θεοπρόπιον ὅ τι οἶσθα·,0,1,0,0,"[0.0, 1.0, 0.0, 0.0]"
86,"οὐ μὰ γὰρ Ἀπόλλωνα Διῒ φίλον, ᾧ τε σὺ, Κάλχαν,",0.5,0.375,0,0.125,"[0.5, 0.375, 0.0, 0.125]"
87,"εὐχόμενος Δαναοῖσι θεοπροπίας ἀναφαίνεις,",0.5,0.5,0,0,"[0.5, 0.5, 0.0, 0.0]"
88,οὔ τις ἐμεῦ ζῶντος καὶ ἐπὶ χθονὶ δερκομένοιο,0.25,0.625,0.125,0,"[0.25, 0.625, 0.125, 0.0]"
89,σοὶ κοίλῃς παρὰ νηυσὶ βαρείας χεῖρας ἐποίσει,0,1,0,0,"[0.0, 1.0, 0.0, 0.0]"
90,"συμπάντων Δαναῶν, οὐδ’ ἢν Ἀγαμέμνονα εἴπῃς,   ",0.375,0.5,0.125,0,"[0.375, 0.5, 0.125, 0.0]"
91,ὃς νῦν πολλὸν ἄριστος Ἀχαιῶν εὔχεται εἶναι.,0.25,0.625,0.125,0,"[0.25, 0.625, 0.125, 0.0]"
92,Καὶ τότε δὴ θάρσησε καὶ ηὔδα μάντις ἀμύμων·,0,0,0,1,"[0.0, 0.0, 0.0, 1.0]"
93,"Οὔ τ’ ἄρ ὅ γ’ εὐχωλῆς ἐπιμέμφεται οὐδ’ ἑκατόμβης,",0.5,0.5,0,0,"[0.5, 0.5, 0.0, 0.0]"
94,"ἀλλ’ ἕνεκ’ ἀρητῆρος, ὃν ἠτίμησ’ Ἀγαμέμνων,",0.375,0.125,0.5,0,"[0.375, 0.125, 0.5, 0.0]"
95,οὐδ’ ἀπέλυσε θύγατρα καὶ οὐκ ἀπεδέξατ’ ἄποινα·,0.25,0.125,0.625,0,"[0.25, 0.125, 0.625, 0.0]"
96,"τοὔνεκ’ ἄρ’ ἄλγε’ ἔδωκεν ἑκηβόλος ἠδ’ ἔτι δώσει,",0.25,0.25,0.5,0,"[0.25, 0.25, 0.5, 0.0]"
97,οὐδ’ ὅ γε πρὶν Δαναοῖσιν ἀεικέα λοιγὸν ἀπώσει,0.375,0.125,0.5,0,"[0.375, 0.125, 0.5, 0.0]"
98,πρίν γ’ ἀπὸ πατρὶ φίλῳ δόμεναι ἑλικώπιδα κούρην,0.5,0.25,0.25,0,"[0.5, 0.25, 0.25, 0.0]"
99,"ἀπριάτην ἀνάποινον, ἄγειν θ’ ἱερὴν ἑκατόμβην",0.5,0.375,0.125,0,"[0.5, 0.375, 0.125, 0.0]"
100,ἐς Χρύσην· τότε κέν μιν ἱλασσάμενοι πεπίθοιμεν.   ,0.625,0.375,0,0,"[0.625, 0.375, 0.0, 0.0]"
101,Ἤτοι ὅ γ' ὣς εἰπὼν κατ' ἄρ' ἕζετο· τοῖσι δ' ἀνέστη,0,0,0,1,"[0.0, 0.0, 0.0, 1.0]"
102,ἥρως Ἀτρεΐδης εὐρὺ κρείων Ἀγαμέμνων,0.375,0.125,0.375,0.125,"[0.375, 0.125, 0.375, 0.125]"
103,ἀχνύμενος· μένεος δὲ μέγα φρένες ἀμφιμέλαιναι,0,0,1,0,"[0.0, 0.0, 1.0, 0.0]"
104,"πίμπλαντ', ὄσσε δέ οἱ πυρὶ λαμπετόωντι ἐΐκτην·",0,0,1,0,"[0.0, 0.0, 1.0, 0.0]"
105,Κάλχαντα πρώτιστα κάκ' ὀσσόμενος προσέειπε·,0,0,1,0,"[0.0, 0.0, 1.0, 0.0]"
106,Μάντι κακῶν οὐ πώ ποτέ μοι τὸ κρήγυον εἶπας·,0,0,1,0,"[0.0, 0.0, 1.0, 0.0]"
107,"αἰεί τοι τὰ κάκ' ἐστὶ φίλα φρεσὶ μαντεύεσθαι,",0,0,1,0,"[0.0, 0.0, 1.0, 0.0]"
108,ἐσθλὸν δ' οὔτέ τί πω εἶπας ἔπος οὔτ' ἐτέλεσσας·,0,0,1,0,"[0.0, 0.0, 1.0, 0.0]"
109,καὶ νῦν ἐν Δαναοῖσι θεοπροπέων ἀγορεύεις,0.125,0.125,0.75,0,"[0.125, 0.125, 0.75, 0.0]"
110,"ὡς δὴ τοῦδ' ἕνεκά σφιν ἑκηβόλος ἄλγεα τεύχει,   ",0.375,0,0.625,0,"[0.375, 0.0, 0.625, 0.0]"
111,οὕνεκ' ἐγὼ κούρης Χρυσηΐδος ἀγλά' ἄποινα,0.5,0.125,0.375,0,"[0.5, 0.125, 0.375, 0.0]"
112,"οὐκ ἔθελον δέξασθαι, ἐπεὶ πολὺ βούλομαι αὐτὴν",0.25,0.375,0.375,0,"[0.25, 0.375, 0.375, 0.0]"
113,οἴκοι ἔχειν· καὶ γάρ ῥα Κλυταιμνήστρης προβέβουλα,0.25,0.125,0.625,0,"[0.25, 0.125, 0.625, 0.0]"
114,"κουριδίης ἀλόχου, ἐπεὶ οὔ ἑθέν ἐστι χερείων,",0,0.375,0.625,0,"[0.0, 0.375, 0.625, 0.0]"
115,"οὐ δέμας οὐδὲ φυήν, οὔτ' ἂρ φρένας οὔτέ τι ἔργα.",0.25,0.125,0.625,0,"[0.25, 0.125, 0.625, 0.0]"
116,ἀλλὰ καὶ ὧς ἐθέλω δόμεναι πάλιν εἰ τό γ' ἄμεινον·,0.125,0.25,0.625,0,"[0.125, 0.25, 0.625, 0.0]"
117,βούλομ' ἐγὼ λαὸν σῶν ἔμμεναι ἢ ἀπολέσθαι·,0,0.625,0.375,0,"[0.0, 0.625, 0.375, 0.0]"
118,αὐτὰρ ἐμοὶ γέρας αὐτίχ' ἑτοιμάσατ' ὄφρα μὴ οἶος,0.375,0.125,0.5,0,"[0.375, 0.125, 0.5, 0.0]"
119,"Ἀργείων ἀγέραστος ἔω, ἐπεὶ οὐδὲ ἔοικε·",0.25,0,0.75,0,"[0.25, 0.0, 0.75, 0.0]"
120,λεύσσετε γὰρ τό γε πάντες ὅ μοι γέρας ἔρχεται ἄλλῃ.   ,0.375,0,0.625,0,"[0.375, 0.0, 0.625, 0.0]"
121,Τὸν δ' ἠμείβετ' ἔπειτα ποδάρκης δῖος Ἀχιλλεύς·,0,0,0,1,"[0.0, 0.0, 0.0, 1.0]"
122,"Ἀτρεΐδη κύδιστε, φιλοκτεανώτατε πάντων,",0.25,0.75,0,0,"[0.25, 0.75, 0.0, 0.0]"
123,πῶς γάρ τοι δώσουσι γέρας μεγάθυμοι Ἀχαιοί;,0.375,0.375,0.25,0,"[0.375, 0.375, 0.25, 0.0]"
124,οὐδέ τί που ἴδμεν ξυνήϊα κείμενα πολλά·,0.25,0.5,0.25,0,"[0.25, 0.5, 0.25, 0.0]"
125,"ἀλλὰ τὰ μὲν πολίων ἐξεπράθομεν, τὰ δέδασται,",0.125,0.625,0.25,0,"[0.125, 0.625, 0.25, 0.0]"
126,λαοὺς δ' οὐκ ἐπέοικε παλίλλογα ταῦτ' ἐπαγείρειν.,0.125,0.625,0.25,0,"[0.125, 0.625, 0.25, 0.0]"
127,ἀλλὰ σὺ μὲν νῦν τῆνδε θεῷ πρόες· αὐτὰρ Ἀχαιοὶ,0.125,0.875,0,0,"[0.125, 0.875, 0.0, 0.0]"
128,"τριπλῇ τετραπλῇ τ' ἀποτείσομεν, αἴ κέ ποθι Ζεὺς",0.25,0.75,0,0,"[0.25, 0.75, 0.0, 0.0]"
129,δῷσι πόλιν Τροίην εὐτείχεον ἐξαλαπάξαι.,0.125,0.875,0,0,"[0.125, 0.875, 0.0, 0.0]"
130,Τὸν δ' ἀπαμειβόμενος προσέφη κρείων Ἀγαμέμνων·   ,0.375,0.25,0.125,0.25,"[0.375, 0.25, 0.125, 0.25]"
131,Μὴ δ' οὕτως ἀγαθός περ ἐὼν θεοείκελ' Ἀχιλλεῦ,0.25,0.5,0.25,0,"[0.25, 0.5, 0.25, 0.0]"
132,"κλέπτε νόῳ, ἐπεὶ οὐ παρελεύσεαι οὐδέ με πείσεις.",0.125,0,0.875,0,"[0.125, 0.0, 0.875, 0.0]"
133,"ἦ ἐθέλεις ὄφρ' αὐτὸς ἔχῃς γέρας, αὐτὰρ ἔμ' αὔτως",0.125,0.125,0.75,0,"[0.125, 0.125, 0.75, 0.0]"
134,"ἧσθαι δευόμενον, κέλεαι δέ με τῆνδ' ἀποδοῦναι;",0.125,0,0.875,0,"[0.125, 0.0, 0.875, 0.0]"
135,ἀλλ' εἰ μὲν δώσουσι γέρας μεγάθυμοι Ἀχαιοὶ,0.25,0.125,0.5,0.125,"[0.25, 0.125, 0.5, 0.125]"
136,ἄρσαντες κατὰ θυμὸν ὅπως ἀντάξιον ἔσται·,0.25,0.25,0.5,0,"[0.25, 0.25, 0.5, 0.0]"
137,εἰ δέ κε μὴ δώωσιν ἐγὼ δέ κεν αὐτὸς ἕλωμαι,0.125,0,0.875,0,"[0.125, 0.0, 0.875, 0.0]"
138,"ἢ τεὸν ἢ Αἴαντος ἰὼν γέρας, ἢ Ὀδυσῆος",0.125,0.125,0.75,0,"[0.125, 0.125, 0.75, 0.0]"
139,ἄξω ἑλών· ὃ δέ κεν κεχολώσεται ὅν κεν ἵκωμαι.,0.125,0,0.875,0,"[0.125, 0.0, 0.875, 0.0]"
140,"Ἀλλ' ἤτοι μὲν ταῦτα μεταφρασόμεσθα καὶ αὖτις,   ",0.5,0.125,0.375,0,"[0.5, 0.125, 0.375, 0.0]"
141,"νῦν δ' ἄγε νῆα μέλαιναν ἐρύσσομεν εἰς ἅλα δῖαν,",0.25,0.375,0.375,0,"[0.25, 0.375, 0.375, 0.0]"
142,"ἐν δ' ἐρέτας ἐπιτηδὲς ἀγείρομεν, ἐς δ' ἑκατόμβην",0.375,0.25,0.375,0,"[0.375, 0.25, 0.375, 0.0]"
143,"θείομεν, ἂν δ' αὐτὴν Χρυσηΐδα καλλιπάρῃον",0.25,0.375,0.375,0,"[0.25, 0.375, 0.375, 0.0]"
144,"βήσομεν· εἷς δέ τις ἀρχὸς ἀνὴρ βουληφόρος ἔστω,",0.25,0.25,0.5,0,"[0.25, 0.25, 0.5, 0.0]"
145,ἢ Αἴας ἢ Ἰδομενεὺς ἢ δῖος Ὀδυσσεὺς,0.375,0,0.625,0,"[0.375, 0.0, 0.625, 0.0]"
146,"ἠὲ σὺ Πηλεΐδη πάντων ἐκπαγλότατ' ἀνδρῶν,",0.125,0.25,0.625,0,"[0.125, 0.25, 0.625, 0.0]"
147,ὄφρ' ἥμιν ἑκάεργον ἱλάσσεαι ἱερὰ ῥέξας.,0.25,0.25,0.5,0,"[0.25, 0.25, 0.5, 0.0]"
148,Τὸν δ' ἄρ' ὑπόδρα ἰδὼν προσέφη πόδας ὠκὺς Ἀχιλλεύς·,0.375,0.25,0.375,0,"[0.375, 0.25, 0.375, 0.0]"
149,"Ὤ μοι, ἀναιδείην ἐπιειμένε κερδαλεόφρον",0,0.25,0.75,0,"[0.0, 0.25, 0.75, 0.0]"
150,πῶς τίς τοι πρόφρων ἔπεσιν πείθηται Ἀχαιῶν   ,0.25,0.25,0.5,0,"[0.25, 0.25, 0.5, 0.0]"
151,ἢ ὁδὸν ἐλθέμεναι ἢ ἀνδράσιν ἶφι μάχεσθαι;,0.25,0.375,0.25,0.125,"[0.25, 0.375, 0.25, 0.125]"
152,οὐ γὰρ ἐγὼ Τρώων ἕνεκ' ἤλυθον αἰχμητάων,0.125,0.625,0.25,0,"[0.125, 0.625, 0.25, 0.0]"
153,"δεῦρο μαχησόμενος, ἐπεὶ οὔ τί μοι αἴτιοί εἰσιν·",0.125,0.75,0.125,0,"[0.125, 0.75, 0.125, 0.0]"
154,"οὐ γὰρ πώποτ' ἐμὰς βοῦς ἤλασαν οὐδὲ μὲν ἵππους,",0.125,0.75,0.125,0,"[0.125, 0.75, 0.125, 0.0]"
155,οὐδέ ποτ' ἐν Φθίῃ ἐριβώλακι βωτιανείρῃ,0.125,0.5,0.25,0.125,"[0.125, 0.5, 0.25, 0.125]"
156,"καρπὸν ἐδηλήσαντ', ἐπεὶ ἦ μάλα πολλὰ μεταξὺ",0.125,0.625,0.25,0,"[0.125, 0.625, 0.25, 0.0]"
157,οὔρεά τε σκιόεντα θάλασσά τε ἠχήεσσα·,0.25,0.375,0.375,0,"[0.25, 0.375, 0.375, 0.0]"
158,"ἀλλὰ σοὶ ὦ μέγ' ἀναιδὲς ἅμ' ἑσπόμεθ' ὄφρα σὺ χαίρῃς,",0.125,0.375,0.5,0,"[0.125, 0.375, 0.5, 0.0]"
159,τιμὴν ἀρνύμενοι Μενελάῳ σοί τε κυνῶπα,0.125,0.25,0.625,0,"[0.125, 0.25, 0.625, 0.0]"
160,πρὸς Τρώων· τῶν οὔ τι μετατρέπῃ οὐδ' ἀλεγίζεις·   ,0.125,0.25,0.625,0,"[0.125, 0.25, 0.625, 0.0]"
161,"καὶ δή μοι γέρας αὐτὸς ἀφαιρήσεσθαι ἀπειλεῖς,",0.125,0.25,0.625,0,"[0.125, 0.25, 0.625, 0.0]"
162,"ᾧ ἔπι πολλὰ μόγησα, δόσαν δέ μοι υἷες Ἀχαιῶν.",0.125,0.5,0.375,0,"[0.125, 0.5, 0.375, 0.0]"
163,οὐ μὲν σοί ποτε ἶσον ἔχω γέρας ὁππότ' Ἀχαιοὶ,0.125,0.25,0.625,0,"[0.125, 0.25, 0.625, 0.0]"
164,Τρώων ἐκπέρσωσ' εὖ ναιόμενον πτολίεθρον·,0.25,0.5,0.25,0,"[0.25, 0.5, 0.25, 0.0]"
165,ἀλλὰ τὸ μὲν πλεῖον πολυάϊκος πολέμοιο,0.125,0.375,0.5,0,"[0.125, 0.375, 0.5, 0.0]"
166,"χεῖρες ἐμαὶ διέπουσ'· ἀτὰρ ἤν ποτε δασμὸς ἵκηται,",0.25,0.375,0.375,0,"[0.25, 0.375, 0.375, 0.0]"
167,"σοὶ τὸ γέρας πολὺ μεῖζον, ἐγὼ δ' ὀλίγον τε φίλον τε",0.25,0.25,0.5,0,"[0.25, 0.25, 0.5, 0.0]"
168,"ἔρχομ' ἔχων ἐπὶ νῆας, ἐπεί κε κάμω πολεμίζων.",0.125,0.375,0.5,0,"[0.125, 0.375, 0.5, 0.0]"
169,"νῦν δ' εἶμι Φθίην δ', ἐπεὶ ἦ πολὺ φέρτερόν ἐστιν",0,0.75,0.25,0,"[0.0, 0.75, 0.25, 0.0]"
170,"οἴκαδ' ἴμεν σὺν νηυσὶ κορωνίσιν, οὐδέ σ' ὀΐω   ",0,0.875,0.125,0,"[0.0, 0.875, 0.125, 0.0]"
171,ἐνθάδ' ἄτιμος ἐὼν ἄφενος καὶ πλοῦτον ἀφύξειν.,0.125,0.625,0.25,0,"[0.125, 0.625, 0.25, 0.0]"
172,Τὸν δ' ἠμείβετ' ἔπειτα ἄναξ ἀνδρῶν Ἀγαμέμνων·,0,0,0,1,"[0.0, 0.0, 0.0, 1.0]"
173,"Φεῦγε μάλ', εἴ τοι θυμὸς ἐπέσσυται, οὐδέ σ' ἔγωγε",0,0.125,0.875,0,"[0.0, 0.125, 0.875, 0.0]"
174,λίσσομαι εἵνεκ' ἐμεῖο μένειν· πάρ' ἔμοιγε καὶ ἄλλοι,0,0.125,0.75,0.125,"[0.0, 0.125, 0.75, 0.125]"
175,"οἵ κέ με τιμήσουσι, μάλιστα δὲ μητίετα Ζεύς.",0,0.25,0.75,0,"[0.0, 0.25, 0.75, 0.0]"
176,ἔχθιστος δέ μοί ἐσσι διοτρεφέων βασιλήων·,0,0,1,0,"[0.0, 0.0, 1.0, 0.0]"
177,αἰεὶ γάρ τοι ἔρις τε φίλη πόλεμοί τε μάχαι τε·,0.125,0.125,0.75,0,"[0.125, 0.125, 0.75, 0.0]"
178,"εἰ μάλα καρτερός ἐσσι, θεός που σοὶ τό γ' ἔδωκεν·",0.125,0.125,0.75,0,"[0.125, 0.125, 0.75, 0.0]"
179,οἴκαδ' ἰὼν σὺν νηυσί τε σῇς καὶ σοῖς ἑτάροισι,0.25,0.375,0.375,0,"[0.25, 0.375, 0.375, 0.0]"
180,"Μυρμιδόνεσσιν ἄνασσε, σέθεν δ' ἐγὼ οὐκ ἀλεγίζω,   ",0.25,0.125,0.5,0.125,"[0.25, 0.125, 0.5, 0.125]"
181,οὐδ' ὄθομαι κοτέοντος· ἀπειλήσω δέ τοι ὧδε·,0.25,0,0.75,0,"[0.25, 0.0, 0.75, 0.0]"
182,"ὡς ἔμ' ἀφαιρεῖται Χρυσηΐδα Φοῖβος Ἀπόλλων,",0.125,0,0.875,0,"[0.125, 0.0, 0.875, 0.0]"
183,τὴν μὲν ἐγὼ σὺν νηΐ τ' ἐμῇ καὶ ἐμοῖς ἑτάροισι,0.125,0,0.75,0.125,"[0.125, 0.0, 0.75, 0.125]"
184,"πέμψω, ἐγὼ δέ κ' ἄγω Βρισηΐδα καλλιπάρῃον",0.25,0.25,0.5,0,"[0.25, 0.25, 0.5, 0.0]"
185,αὐτὸς ἰὼν κλισίην δὲ τὸ σὸν γέρας ὄφρ' ἐῢ εἰδῇς,0,0.125,0.875,0,"[0.0, 0.125, 0.875, 0.0]"
186,"ὅσσον φέρτερός εἰμι σέθεν, στυγέῃ δὲ καὶ ἄλλος",0,0.125,0.875,0,"[0.0, 0.125, 0.875, 0.0]"
187,ἶσον ἐμοὶ φάσθαι καὶ ὁμοιωθήμεναι ἄντην.,0,0,1,0,"[0.0, 0.0, 1.0, 0.0]"
188,"Ὣς φάτο· Πηλεΐωνι δ' ἄχος γένετ', ἐν δέ οἱ ἦτορ",0,0,0,1,"[0.0, 0.0, 0.0, 1.0]"
189,"στήθεσσιν λασίοισι διάνδιχα μερμήριξεν,",0,0.375,0.5,0.125,"[0.0, 0.375, 0.5, 0.125]"
190,ἢ ὅ γε φάσγανον ὀξὺ ἐρυσσάμενος παρὰ μηροῦ   ,0,0.375,0.625,0,"[0.0, 0.375, 0.625, 0.0]"
191,"τοὺς μὲν ἀναστήσειεν, ὃ δ' Ἀτρεΐδην ἐναρίζοι,",0,0.375,0.625,0,"[0.0, 0.375, 0.625, 0.0]"
192,ἦε χόλον παύσειεν ἐρητύσειέ τε θυμόν.,0,0.375,0.5,0.125,"[0.0, 0.375, 0.5, 0.125]"
193,"ἧος ὃ ταῦθ' ὥρμαινε κατὰ φρένα καὶ κατὰ θυμόν,",0.125,0.5,0.375,0,"[0.125, 0.5, 0.375, 0.0]"
194,"ἕλκετο δ' ἐκ κολεοῖο μέγα ξίφος, ἦλθε δ' Ἀθήνη",0,0.5,0.5,0,"[0.0, 0.5, 0.5, 0.0]"
195,οὐρανόθεν· πρὸ γὰρ ἧκε θεὰ λευκώλενος Ἥρη,0.25,0.5,0.125,0.125,"[0.25, 0.5, 0.125, 0.125]"
196,ἄμφω ὁμῶς θυμῷ φιλέουσά τε κηδομένη τε·,0.125,0.75,0.125,0,"[0.125, 0.75, 0.125, 0.0]"
197,"στῆ δ' ὄπιθεν, ξανθῆς δὲ κόμης ἕλε Πηλεΐωνα",0,0.5,0.5,0,"[0.0, 0.5, 0.5, 0.0]"
198,οἴῳ φαινομένη· τῶν δ' ἄλλων οὔ τις ὁρᾶτο·,0.375,0.5,0.125,0,"[0.375, 0.5, 0.125, 0.0]"
199,"θάμβησεν δ' Ἀχιλεύς, μετὰ δ' ἐτράπετ', αὐτίκα δ' ἔγνω",0,0.625,0.25,0.125,"[0.0, 0.625, 0.25, 0.125]"
200,Παλλάδ' Ἀθηναίην· δεινὼ δέ οἱ ὄσσε φάανθεν·   ,0.125,0.625,0.25,0,"[0.125, 0.625, 0.25, 0.0]"
201,καί μιν φωνήσας ἔπεα πτερόεντα προσηύδα·,0.125,0.25,0.625,0,"[0.125, 0.25, 0.625, 0.0]"
202,Τίπτ' αὖτ' αἰγιόχοιο Διὸς τέκος εἰλήλουθας;,0.125,0.5,0.25,0.125,"[0.125, 0.5, 0.25, 0.125]"
203,ἦ ἵνα ὕβριν ἴδῃ Ἀγαμέμνονος Ἀτρεΐδαο;,0.125,0.25,0.5,0.125,"[0.125, 0.25, 0.5, 0.125]"
204,"ἀλλ' ἔκ τοι ἐρέω, τὸ δὲ καὶ τελέεσθαι ὀΐω·",0.375,0.375,0.25,0,"[0.375, 0.375, 0.25, 0.0]"
205,ᾗς ὑπεροπλίῃσι τάχ' ἄν ποτε θυμὸν ὀλέσσῃ.,0.125,0.25,0.625,0,"[0.125, 0.25, 0.625, 0.0]"
206,Τὸν δ' αὖτε προσέειπε θεὰ γλαυκῶπις Ἀθήνη·,0.25,0.5,0.25,0,"[0.25, 0.5, 0.25, 0.0]"
207,"Ἧλθον ἐγὼ παύσουσα τὸ σὸν μένος, αἴ κε πίθηαι,",0,0.875,0.125,0,"[0.0, 0.875, 0.125, 0.0]"
208,οὐρανόθεν· πρὸ δέ μ' ἧκε θεὰ λευκώλενος Ἥρη,0,1,0,0,"[0.0, 1.0, 0.0, 0.0]"
209,ἄμφω ὁμῶς θυμῷ φιλέουσά τε κηδομένη τε·,0,1,0,0,"[0.0, 1.0, 0.0, 0.0]"
210,"ἀλλ' ἄγε λῆγ' ἔριδος, μηδὲ ξίφος ἕλκεο χειρί·   ",0,1,0,0,"[0.0, 1.0, 0.0, 0.0]"
211,ἀλλ' ἤτοι ἔπεσιν μὲν ὀνείδισον ὡς ἔσεταί περ·,0,0.875,0.125,0,"[0.0, 0.875, 0.125, 0.0]"
212,"ὧδε γὰρ ἐξερέω, τὸ δὲ καὶ τετελεσμένον ἔσται·",0.25,0.75,0,0,"[0.25, 0.75, 0.0, 0.0]"
213,καί ποτέ τοι τρὶς τόσσα παρέσσεται ἀγλαὰ δῶρα,0,1,0,0,"[0.0, 1.0, 0.0, 0.0]"
214,"ὕβριος εἵνεκα τῆσδε· σὺ δ' ἴσχεο, πείθεο δ' ἡμῖν.",0,1,0,0,"[0.0, 1.0, 0.0, 0.0]"
215,Τὴν δ' ἀπαμειβόμενος προσέφη πόδας ὠκὺς Ἀχιλλεύς·,0,0.875,0.125,0,"[0.0, 0.875, 0.125, 0.0]"
216,Χρὴ μὲν σφωΐτερόν γε θεὰ ἔπος εἰρύσσασθαι,0,0,0,1,"[0.0, 0.0, 0.0, 1.0]"
217,καὶ μάλα περ θυμῷ κεχολωμένον· ὧς γὰρ ἄμεινον·,0,0.625,0.375,0,"[0.0, 0.625, 0.375, 0.0]"
218,ὅς κε θεοῖς ἐπιπείθηται μάλα τ' ἔκλυον αὐτοῦ.,0,0.875,0.125,0,"[0.0, 0.875, 0.125, 0.0]"
219,"Ἦ καὶ ἐπ' ἀργυρέῃ κώπῃ σχέθε χεῖρα βαρεῖαν,",0,0,0,1,"[0.0, 0.0, 0.0, 1.0]"
220,"ἂψ δ' ἐς κουλεὸν ὦσε μέγα ξίφος, οὐδ' ἀπίθησε   ",0.25,0.5,0.125,0.125,"[0.25, 0.5, 0.125, 0.125]"
221,μύθῳ Ἀθηναίης· ἣ δ' Οὔλυμπον δὲ βεβήκει,0.375,0.5,0,0.125,"[0.375, 0.5, 0.0, 0.125]"
222,δώματ' ἐς αἰγιόχοιο Διὸς μετὰ δαίμονας ἄλλους.,0.125,0.5,0.375,0,"[0.125, 0.5, 0.375, 0.0]"
223,ηλεΐδης δ' ἐξαῦτις ἀταρτηροῖς ἐπέεσσιν,0,0,0,1,"[0.0, 0.0, 0.0, 1.0]"
224,"Ἀτρεΐδην προσέειπε, καὶ οὔ πω λῆγε χόλοιο·",0.125,0.25,0.625,0,"[0.125, 0.25, 0.625, 0.0]"
225,"Οἰνοβαρές, κυνὸς ὄμματ' ἔχων, κραδίην δ' ἐλάφοιο,",0,0.25,0.75,0,"[0.0, 0.25, 0.75, 0.0]"
226,οὔτέ ποτ' ἐς πόλεμον ἅμα λαῷ θωρηχθῆναι,0.125,0.25,0.625,0,"[0.125, 0.25, 0.625, 0.0]"
227,οὔτε λόχον δ' ἰέναι σὺν ἀριστήεσσιν Ἀχαιῶν,0.125,0.25,0.625,0,"[0.125, 0.25, 0.625, 0.0]"
228,τέτληκας θυμῷ· τὸ δέ τοι κὴρ εἴδεται εἶναι.,0.125,0.25,0.625,0,"[0.125, 0.25, 0.625, 0.0]"
229,ἦ πολὺ λώϊόν ἐστι κατὰ στρατὸν εὐρὺν Ἀχαιῶν,0.25,0.375,0.375,0,"[0.25, 0.375, 0.375, 0.0]"
230,δῶρ' ἀποαιρεῖσθαι ὅς τις σέθεν ἀντίον εἴπῃ·   ,0.125,0.375,0.5,0,"[0.125, 0.375, 0.5, 0.0]"
231,δημοβόρος βασιλεὺς ἐπεὶ οὐτιδανοῖσιν ἀνάσσεις·,0.125,0.25,0.625,0,"[0.125, 0.25, 0.625, 0.0]"
232,ἦ γὰρ ἂν Ἀτρεΐδη νῦν ὕστατα λωβήσαιο.,0.125,0.25,0.625,0,"[0.125, 0.25, 0.625, 0.0]"
233,ἀλλ' ἔκ τοι ἐρέω καὶ ἐπὶ μέγαν ὅρκον ὀμοῦμαι·,0.125,0.5,0.375,0,"[0.125, 0.5, 0.375, 0.0]"
234,"ναὶ μὰ τόδε σκῆπτρον, τὸ μὲν οὔ ποτε φύλλα καὶ ὄζους",0.25,0.375,0.375,0,"[0.25, 0.375, 0.375, 0.0]"
235,"φύσει, ἐπεὶ δὴ πρῶτα τομὴν ἐν ὄρεσσι λέλοιπεν,",0.25,0.25,0.5,0,"[0.25, 0.25, 0.5, 0.0]"
236,οὐδ' ἀναθηλήσει· περὶ γάρ ῥά ἑ χαλκὸς ἔλεψε,0.25,0.375,0.375,0,"[0.25, 0.375, 0.375, 0.0]"
237,φύλλά τε καὶ φλοιόν· νῦν αὖτέ μιν υἷες Ἀχαιῶν,0.375,0.375,0.25,0,"[0.375, 0.375, 0.25, 0.0]"
238,"ἐν παλάμῃς φορέουσι δικασπόλοι, οἵ τε θέμιστας",0.25,0.625,0.125,0,"[0.25, 0.625, 0.125, 0.0]"
239,πρὸς Διὸς εἰρύαται· ὃ δέ τοι μέγας ἔσσεται ὅρκος·,0.25,0.5,0.25,0,"[0.25, 0.5, 0.25, 0.0]"
240,ἦ ποτ' Ἀχιλλῆος ποθὴ ἵξεται υἷας Ἀχαιῶν   ,0.125,0.625,0.25,0,"[0.125, 0.625, 0.25, 0.0]"
241,σύμπαντας· τότε δ' οὔ τι δυνήσεαι ἀχνύμενός περ,0.25,0.25,0.5,0,"[0.25, 0.25, 0.5, 0.0]"
242,"χραισμεῖν, εὖτ' ἂν πολλοὶ ὑφ' Ἕκτορος ἀνδροφόνοιο",0.125,0.25,0.625,0,"[0.125, 0.25, 0.625, 0.0]"
243,θνήσκοντες πίπτωσι· σὺ δ' ἔνδοθι θυμὸν ἀμύξεις,0.125,0.25,0.625,0,"[0.125, 0.25, 0.625, 0.0]"
244,χωόμενος ὅ τ' ἄριστον Ἀχαιῶν οὐδὲν ἔτισας.,0.125,0.25,0.625,0,"[0.125, 0.25, 0.625, 0.0]"
245,"Ὣς φάτο Πηλεΐδης, ποτὶ δὲ σκῆπτρον βάλε γαίῃ",0,0,0,1,"[0.0, 0.0, 0.0, 1.0]"
246,"χρυσείοις ἥλοισι πεπαρμένον, ἕζετο δ' αὐτός·",0.375,0.375,0.125,0.125,"[0.375, 0.375, 0.125, 0.125]"
247,Ἀτρεΐδης δ' ἑτέρωθεν ἐμήνιε· τοῖσι δὲ Νέστωρ,0.25,0.25,0.5,0,"[0.25, 0.25, 0.5, 0.0]"
248,"ἡδυεπὴς ἀνόρουσε λιγὺς Πυλίων ἀγορητής,",0.375,0.625,0,0,"[0.375, 0.625, 0.0, 0.0]"
249,τοῦ καὶ ἀπὸ γλώσσης μέλιτος γλυκίων ῥέεν αὐδή·,0.125,0.875,0,0,"[0.125, 0.875, 0.0, 0.0]"
250,τῷ δ' ἤδη δύο μὲν γενεαὶ μερόπων ἀνθρώπων   ,0,0.375,0.625,0,"[0.0, 0.375, 0.625, 0.0]"
251,"ἐφθίαθ', οἵ οἱ πρόσθεν ἅμα τράφεν ἠδ' ἐγένοντο",0.25,0.5,0.25,0,"[0.25, 0.5, 0.25, 0.0]"
252,"ἐν Πύλῳ ἠγαθέῃ, μετὰ δὲ τριτάτοισιν ἄνασσεν·",0.5,0.375,0.125,0,"[0.5, 0.375, 0.125, 0.0]"
253,ὅ σφιν ἐὺ φρονέων ἀγορήσατο καὶ μετέειπεν·,0.25,0.75,0,0,"[0.25, 0.75, 0.0, 0.0]"
254,"Ὦ πόποι, ἦ μέγα πένθος Ἀχαιΐδα γαῖαν ἱκάνει·",0,0.25,0.75,0,"[0.0, 0.25, 0.75, 0.0]"
255,ἦ κεν γηθήσαι Πρίαμος Πριάμοιό τε παῖδες,0.125,0.5,0.25,0.125,"[0.125, 0.5, 0.25, 0.125]"
256,ἄλλοι τε Τρῶες μέγα κεν κεχαροίατο θυμῷ,0.125,0.375,0.375,0.125,"[0.125, 0.375, 0.375, 0.125]"
257,"εἰ σφῶϊν τάδε πάντα πυθοίατο μαρναμένοιϊν,",0.125,0.25,0.5,0.125,"[0.125, 0.25, 0.5, 0.125]"
258,"οἳ περὶ μὲν βουλὴν Δαναῶν, περὶ δ' ἐστὲ μάχεσθαι.",0.25,0.5,0.25,0,"[0.25, 0.5, 0.25, 0.0]"
259,ἀλλὰ πίθεσθ'· ἄμφω δὲ νεωτέρω ἐστὸν ἐμεῖο·,0.25,0.625,0.125,0,"[0.25, 0.625, 0.125, 0.0]"
260,ἤδη γάρ ποτ' ἐγὼ καὶ ἀρείοσιν ἠέ περ ὑμῖν   ,0.25,0.75,0,0,"[0.25, 0.75, 0.0, 0.0]"
261,"ἀνδράσιν ὡμίλησα, καὶ οὔ ποτέ μ' οἵ γ' ἀθέριζον.",0.125,0.875,0,0,"[0.125, 0.875, 0.0, 0.0]"
262,"οὐ γάρ πω τοίους ἴδον ἀνέρας οὐδὲ ἴδωμαι,",0,1,0,0,"[0.0, 1.0, 0.0, 0.0]"
263,οἷον Πειρίθοόν τε Δρύαντά τε ποιμένα λαῶν,0.25,0.75,0,0,"[0.25, 0.75, 0.0, 0.0]"
264,Καινέα τ' Ἐξάδιόν τε καὶ ἀντίθεον Πολύφημον,0.5,0.5,0,0,"[0.5, 0.5, 0.0, 0.0]"
265,"Θησέα τ' Αἰγεΐδην, ἐπιείκελον ἀθανάτοισι·",0.375,0.625,0,0,"[0.375, 0.625, 0.0, 0.0]"
266,κάρτιστοι δὴ κεῖνοι ἐπιχθονίων τράφεν ἀνδρῶν·,0.125,0.875,0,0,"[0.125, 0.875, 0.0, 0.0]"
267,κάρτιστοι μὲν ἔσαν καὶ καρτίστοις ἐμάχοντο,0.125,0.875,0,0,"[0.125, 0.875, 0.0, 0.0]"
268,φηρσὶν ὀρεσκῴοισι καὶ ἐκπάγλως ἀπόλεσσαν.,0.125,0.875,0,0,"[0.125, 0.875, 0.0, 0.0]"
269,καὶ μὲν τοῖσιν ἐγὼ μεθομίλεον ἐκ Πύλου ἐλθὼν,0.5,0.5,0,0,"[0.5, 0.5, 0.0, 0.0]"
270,τηλόθεν ἐξ ἀπίης γαίης· καλέσαντο γὰρ αὐτοί·   ,0.75,0.25,0,0,"[0.75, 0.25, 0.0, 0.0]"
271,καὶ μαχόμην κατ' ἔμ' αὐτὸν ἐγώ· κείνοισι δ' ἂν οὔ τις,0.5,0.375,0.125,0,"[0.5, 0.375, 0.125, 0.0]"
272,τῶν οἳ νῦν βροτοί εἰσιν ἐπιχθόνιοι μαχέοιτο·,0.25,0.625,0.125,0,"[0.25, 0.625, 0.125, 0.0]"
273,καὶ μέν μευ βουλέων ξύνιεν πείθοντό τε μύθῳ·,0,0,0,1,"[0.0, 0.0, 0.0, 1.0]"
274,"ἀλλὰ πίθεσθε καὶ ὔμμες, ἐπεὶ πείθεσθαι ἄμεινον·",0,1,0,0,"[0.0, 1.0, 0.0, 0.0]"
275,"μήτε σὺ τόνδ' ἀγαθός περ ἐὼν ἀποαίρεο κούρην,",0,0.875,0.125,0,"[0.0, 0.875, 0.125, 0.0]"
276,ἀλλ' ἔα ὥς οἱ πρῶτα δόσαν γέρας υἷες Ἀχαιῶν·,0,0.875,0.125,0,"[0.0, 0.875, 0.125, 0.0]"
277,μήτε σὺ Πηλείδη 'θελ' ἐριζέμεναι βασιλῆϊ,0,1,0,0,"[0.0, 1.0, 0.0, 0.0]"
278,"ἀντιβίην, ἐπεὶ οὔ ποθ' ὁμοίης ἔμμορε τιμῆς",0,1,0,0,"[0.0, 1.0, 0.0, 0.0]"
279,"σκηπτοῦχος βασιλεύς, ᾧ τε Ζεὺς κῦδος ἔδωκεν.",0,1,0,0,"[0.0, 1.0, 0.0, 0.0]"
280,"εἰ δὲ σὺ καρτερός ἐσσι θεὰ δέ σε γείνατο μήτηρ,   ",0,0.875,0.125,0,"[0.0, 0.875, 0.125, 0.0]"
281,ἀλλ' ὅ γε φέρτερός ἐστιν ἐπεὶ πλεόνεσσιν ἀνάσσει.,0,0.75,0.25,0,"[0.0, 0.75, 0.25, 0.0]"
282,Ἀτρεΐδη σὺ δὲ παῦε τεὸν μένος· αὐτὰρ ἔγωγε,0,0.875,0.125,0,"[0.0, 0.875, 0.125, 0.0]"
283,"λίσσομ' Ἀχιλλῆϊ μεθέμεν χόλον, ὃς μέγα πᾶσιν",0,0.875,0.125,0,"[0.0, 0.875, 0.125, 0.0]"
284,ἕρκος Ἀχαιοῖσιν πέλεται πολέμοιο κακοῖο.,0.125,0.875,0,0,"[0.125, 0.875, 0.0, 0.0]"
285,Τὸν δ' ἀπαμειβόμενος προσέφη κρείων Ἀγαμέμνων·,0,0,0,1,"[0.0, 0.0, 0.0, 1.0]"
286,Ναὶ δὴ ταῦτά γε πάντα γέρον κατὰ μοῖραν ἔειπες·,0.125,0.625,0.25,0,"[0.125, 0.625, 0.25, 0.0]"
287,"ἀλλ' ὅδ' ἀνὴρ ἐθέλει περὶ πάντων ἔμμεναι ἄλλων,",0.125,0.125,0.75,0,"[0.125, 0.125, 0.75, 0.0]"
288,"πάντων μὲν κρατέειν ἐθέλει, πάντεσσι δ' ἀνάσσειν,",0.125,0.125,0.75,0,"[0.125, 0.125, 0.75, 0.0]"
289,"πᾶσι δὲ σημαίνειν, ἅ τιν' οὐ πείσεσθαι ὀΐω·",0.125,0.125,0.75,0,"[0.125, 0.125, 0.75, 0.0]"
290,εἰ δέ μιν αἰχμητὴν ἔθεσαν θεοὶ αἰὲν ἐόντες   ,0.25,0.25,0.5,0,"[0.25, 0.25, 0.5, 0.0]"
291,τοὔνεκά οἱ προθέουσιν ὀνείδεα μυθήσασθαι;,0.125,0.125,0.75,0,"[0.125, 0.125, 0.75, 0.0]"
292,Τὸν δ' ἄρ' ὑποβλήδην ἠμείβετο δῖος Ἀχιλλεύς·,0,0,0,1,"[0.0, 0.0, 0.0, 1.0]"
293,Ἦ γάρ κεν δειλός τε καὶ οὐτιδανὸς καλεοίμην,0.125,0.25,0.625,0,"[0.125, 0.25, 0.625, 0.0]"
294,εἰ δὴ σοὶ πᾶν ἔργον ὑπείξομαι ὅττί κεν εἴπῃς·,0.25,0.375,0.375,0,"[0.25, 0.375, 0.375, 0.0]"
295,"ἄλλοισιν δὴ ταῦτ' ἐπιτέλλεο, μὴ γὰρ ἔμοιγε",0.125,0.5,0.375,0,"[0.125, 0.5, 0.375, 0.0]"
296,σήμαιν'· οὐ γὰρ ἔγωγ' ἔτι σοὶ πείσεσθαι ὀΐω.,0.125,0.5,0.375,0,"[0.125, 0.5, 0.375, 0.0]"
297,"ἄλλο δέ τοι ἐρέω, σὺ δ' ἐνὶ φρεσὶ βάλλεο σῇσι·",0.125,0.625,0.25,0,"[0.125, 0.625, 0.25, 0.0]"
298,χερσὶ μὲν οὔ τοι ἔγωγε μαχήσομαι εἵνεκα κούρης,0,0.875,0.125,0,"[0.0, 0.875, 0.125, 0.0]"
299,"οὔτε σοὶ οὔτέ τῳ ἄλλῳ, ἐπεί μ' ἀφέλεσθέ γε δόντες·",0.125,0.5,0.375,0,"[0.125, 0.5, 0.375, 0.0]"
300,τῶν δ' ἄλλων ἅ μοί ἐστι θοῇ παρὰ νηῒ μελαίνῃ   ,0.125,0.5,0.25,0.125,"[0.125, 0.5, 0.25, 0.125]"
301,τῶν οὐκ ἄν τι φέροις ἀνελὼν ἀέκοντος ἐμεῖο·,0,0.625,0.375,0,"[0.0, 0.625, 0.375, 0.0]"
302,εἰ δ' ἄγε μὴν πείρησαι ἵνα γνώωσι καὶ οἷδε·,0.125,0.25,0.625,0,"[0.125, 0.25, 0.625, 0.0]"
303,αἶψά τοι αἷμα κελαινὸν ἐρωήσει περὶ δουρί.,0,0.25,0.75,0,"[0.0, 0.25, 0.75, 0.0]"
304,Ὣς τώ γ' ἀντιβίοισι μαχεσσαμένω ἐπέεσσιν,0,0,0,1,"[0.0, 0.0, 0.0, 1.0]"
305,"ἀνστήτην, λῦσαν δ' ἀγορὴν παρὰ νηυσὶν Ἀχαιῶν·",0.375,0.25,0.25,0.125,"[0.375, 0.25, 0.25, 0.125]"
306,Πηλεΐδης μὲν ἐπὶ κλισίας καὶ νῆας ἐΐσας,0.125,0.5,0.25,0.125,"[0.125, 0.5, 0.25, 0.125]"
307,ἤϊε σύν τε Μενοιτιάδῃ καὶ οἷς ἑτάροισιν·,0.25,0.5,0.125,0.125,"[0.25, 0.5, 0.125, 0.125]"
308,"Ἀτρεΐδης δ' ἄρα νῆα θοὴν ἅλα δὲ προέρυσσεν,",0.125,0.625,0.125,0.125,"[0.125, 0.625, 0.125, 0.125]"
309,"ἐν δ' ἐρέτας ἔκρινεν ἐείκοσιν, ἐς δ' ἑκατόμβην",0.125,0.625,0.125,0.125,"[0.125, 0.625, 0.125, 0.125]"
310,"βῆσε θεῷ, ἀνὰ δὲ Χρυσηΐδα καλλιπάρῃον   ",0.25,0.75,0,0,"[0.25, 0.75, 0.0, 0.0]"
311,εἷσεν ἄγων· ἐν δ' ἀρχὸς ἔβη πολύμητις Ὀδυσσεύς.,0.125,0.875,0,0,"[0.125, 0.875, 0.0, 0.0]"
312,"Οἳ μὲν ἔπειτ' ἀναβάντες ἐπέπλεον ὑγρὰ κέλευθα,",0,0,0,1,"[0.0, 0.0, 0.0, 1.0]"
313,λαοὺς δ' Ἀτρεΐδης ἀπολυμαίνεσθαι ἄνωγεν·,0.25,0.5,0.25,0,"[0.25, 0.5, 0.25, 0.0]"
314,"οἳ δ' ἀπελυμαίνοντο καὶ εἰς ἅλα λύματα βάλλον,",0.375,0.375,0.25,0,"[0.375, 0.375, 0.25, 0.0]"
315,ἕρδον δ' Ἀπόλλωνι τεληέσσας ἑκατόμβας,0,0.375,0.625,0,"[0.0, 0.375, 0.625, 0.0]"
316,ταύρων ἠδ' αἰγῶν παρὰ θῖν' ἁλὸς ἀτρυγέτοιο·,0.25,0.25,0.5,0,"[0.25, 0.25, 0.5, 0.0]"
317,κνίση δ' οὐρανὸν ἷκεν ἑλισσομένη περὶ καπνῷ.,0.25,0.25,0.5,0,"[0.25, 0.25, 0.5, 0.0]"
318,Ὣς οἳ μὲν τὰ πένοντο κατὰ στρατόν· οὐδ' Ἀγαμέμνων,0,0,0,1,"[0.0, 0.0, 0.0, 1.0]"
319,"λῆγ' ἔριδος τὴν πρῶτον ἐπηπείλησ' Ἀχιλῆϊ,",0.25,0.125,0.625,0,"[0.25, 0.125, 0.625, 0.0]"
320,"ἀλλ' ὅ γε Ταλθύβιόν τε καὶ Εὐρυβάτην προσέειπε,   ",0.25,0.125,0.625,0,"[0.25, 0.125, 0.625, 0.0]"
321,τώ οἱ ἔσαν κήρυκε καὶ ὀτρηρὼ θεράποντε·,0.5,0.125,0.375,0,"[0.5, 0.125, 0.375, 0.0]"
322,Ἔρχεσθον κλισίην Πηληϊάδεω Ἀχιλῆος·,0,0.25,0.75,0,"[0.0, 0.25, 0.75, 0.0]"
323,χειρὸς ἑλόντ' ἀγέμεν Βρισηΐδα καλλιπάρῃον·,0,0.125,0.875,0,"[0.0, 0.125, 0.875, 0.0]"
324,εἰ δέ κε μὴ δώῃσιν ἐγὼ δέ κεν αὐτὸς ἕλωμαι,0,0,1,0,"[0.0, 0.0, 1.0, 0.0]"
325,ἐλθὼν σὺν πλεόνεσσι· τό οἱ καὶ ῥίγιον ἔσται.,0,0,1,0,"[0.0, 0.0, 1.0, 0.0]"
326,"Ὣς εἰπὼν προΐει, κρατερὸν δ' ἐπὶ μῦθον ἔτελλε·",0,0,0,1,"[0.0, 0.0, 0.0, 1.0]"
327,"τὼ δ' ἀέκοντε βάτην παρὰ θῖν' ἁλὸς ἀτρυγέτοιο,",0.5,0.25,0.25,0,"[0.5, 0.25, 0.25, 0.0]"
328,"Μυρμιδόνων δ' ἐπί τε κλισίας καὶ νῆας ἱκέσθην,",0.25,0.25,0.5,0,"[0.25, 0.25, 0.5, 0.0]"
329,τὸν δ' εὗρον παρά τε κλισίῃ καὶ νηῒ μελαίνῃ,0.375,0.25,0.25,0.125,"[0.375, 0.25, 0.25, 0.125]"
330,ἥμενον· οὐδ' ἄρα τώ γε ἰδὼν γήθησεν Ἀχιλλεύς.   ,0.25,0.25,0.5,0,"[0.25, 0.25, 0.5, 0.0]"
331,τὼ μὲν ταρβήσαντε καὶ αἰδομένω βασιλῆα,0.125,0.375,0.5,0,"[0.125, 0.375, 0.5, 0.0]"
332,"στήτην, οὐδέ τί μιν προσεφώνεον οὐδ' ἐρέοντο·",0.125,0.25,0.625,0,"[0.125, 0.25, 0.625, 0.0]"
333,αὐτὰρ ὃ ἔγνω ᾗσιν ἐνὶ φρεσὶ φώνησέν τε·,0.5,0.25,0.25,0,"[0.5, 0.25, 0.25, 0.0]"
334,"Χαίρετε, κήρυκες, Διὸς ἄγγελοι ἠδὲ καὶ ἀνδρῶν,",0.125,0.625,0.25,0,"[0.125, 0.625, 0.25, 0.0]"
335,"ἆσσον ἴτ'· οὔ τί μοι ὔμμες ἐπαίτιοι ἀλλ' Ἀγαμέμνων,",0,0.875,0.125,0,"[0.0, 0.875, 0.125, 0.0]"
336,ὃ σφῶϊ προΐει Βρισηΐδος εἵνεκα κούρης.,0,0.75,0.25,0,"[0.0, 0.75, 0.25, 0.0]"
337,ἀλλ' ἄγε διογενὲς Πατρόκλεες ἔξαγε κούρην,0,0.375,0.625,0,"[0.0, 0.375, 0.625, 0.0]"
338,καί σφωϊν δὸς ἄγειν· τὼ δ' αὐτὼ μάρτυροι ἔστων,0.125,0.25,0.625,0,"[0.125, 0.25, 0.625, 0.0]"
339,πρός τε θεῶν μακάρων πρός τε θνητῶν ἀνθρώπων,0.125,0.25,0.625,0,"[0.125, 0.25, 0.625, 0.0]"
340,καὶ πρὸς τοῦ βασιλῆος ἀπηνέος εἴ ποτε δ' αὖτε   ,0,0.25,0.75,0,"[0.0, 0.25, 0.75, 0.0]"
341,χρειὼ ἐμεῖο γένηται ἀεικέα λοιγὸν ἀμῦναι,0,0.25,0.75,0,"[0.0, 0.25, 0.75, 0.0]"
342,"τοῖς ἄλλοις· ἦ γὰρ ὅ γ' ὀλοιῇσι φρεσὶ θύει,",0,0.25,0.75,0,"[0.0, 0.25, 0.75, 0.0]"
343,"οὐδέ τι οἶδε νοῆσαι ἅμα πρόσσω καὶ ὀπίσσω,",0,0.25,0.75,0,"[0.0, 0.25, 0.75, 0.0]"
344,ὅππως οἱ παρὰ νηυσὶ σόοι μαχέοιντο Ἀχαιοί.,0.125,0.25,0.625,0,"[0.125, 0.25, 0.625, 0.0]"
345,"Ὣς φάτο, Πάτροκλος δὲ φίλῳ ἐπεπείθεθ' ἑταίρῳ,",0,0,0,1,"[0.0, 0.0, 0.0, 1.0]"
346,"ἐκ δ' ἄγαγε κλισίης Βρισηΐδα καλλιπάρῃον,",0.375,0.125,0.5,0,"[0.375, 0.125, 0.5, 0.0]"
347,δῶκε δ' ἄγειν· τὼ δ' αὖτις ἴτην παρὰ νῆας Ἀχαιῶν·,0.5,0.125,0.375,0,"[0.5, 0.125, 0.375, 0.0]"
348,ἣ δ' ἀέκουσ' ἅμα τοῖσι γυνὴ κίεν· αὐτὰρ Ἀχιλλεὺς,0.125,0.125,0.75,0,"[0.125, 0.125, 0.75, 0.0]"
349,"δακρύσας ἑτάρων ἄφαρ ἕζετο νόσφι λιασθείς,",0.125,0.125,0.75,0,"[0.125, 0.125, 0.75, 0.0]"
350,"θῖν' ἔφ' ἁλὸς πολιῆς, ὁρόων ἐπ' ἀπείρονα πόντον·   ",0.25,0.125,0.625,0,"[0.25, 0.125, 0.625, 0.0]"
351,πολλὰ δὲ μητρὶ φίλῃ ἠρήσατο χεῖρας ὀρεγνύς·,0,0.25,0.75,0,"[0.0, 0.25, 0.75, 0.0]"
352,"Μῆτερ ἐπεί μ' ἔτεκές γε μινυνθάδιόν περ ἐόντα,",0,0.25,0.75,0,"[0.0, 0.25, 0.75, 0.0]"
353,τιμήν πέρ μοι ὄφελλεν Ὀλύμπιος ἐγγυαλίξαι,0,0.25,0.75,0,"[0.0, 0.25, 0.75, 0.0]"
354,Ζεὺς ὑψιβρεμέτης· νῦν δ' οὐδέ με τυτθὸν ἔτισεν·,0,0.125,0.875,0,"[0.0, 0.125, 0.875, 0.0]"
355,ἦ γάρ μ' Ἀτρεΐδης εὐρὺ κρείων Ἀγαμέμνων,0.25,0.125,0.625,0,"[0.25, 0.125, 0.625, 0.0]"
356,ἠτίμησεν· ἑλὼν γὰρ ἔχει γέρας αὐτὸς ἀπούρας.,0,0.125,0.875,0,"[0.0, 0.125, 0.875, 0.0]"
357,"Ὣς φάτο δάκρυ χέων, τοῦ δ' ἔκλυε πότνια μήτηρ",0,0,0,1,"[0.0, 0.0, 0.0, 1.0]"
358,ἡμένη ἐν βένθεσσιν ἁλὸς παρὰ πατρὶ γέροντι·,0.25,0.5,0.125,0.125,"[0.25, 0.5, 0.125, 0.125]"
359,"καρπαλίμως δ' ἀνέδυ πολιῆς ἁλὸς ἠΰτ' ὀμίχλη,",0.125,0.5,0.25,0.125,"[0.125, 0.5, 0.25, 0.125]"
360,"καί ῥα πάροιθ' αὐτοῖο καθέζετο δάκρυ χέοντος,   ",0,0.625,0.375,0,"[0.0, 0.625, 0.375, 0.0]"
361,χειρί τέ μιν κατέρεξεν ἔπος τ' ἔφατ' ἔκ τ' ὀνόμαζε·,0,0.75,0.25,0,"[0.0, 0.75, 0.25, 0.0]"
362,"Τέκνον, τί κλαίεις; τί δέ σε φρένας ἵκετο πένθος;",0,0.375,0.625,0,"[0.0, 0.375, 0.625, 0.0]"
363,"ἐξαύδα, μὴ κεῦθε νόῳ, ἵνα εἴδομεν ἄμφω.",0,0.375,0.625,0,"[0.0, 0.375, 0.625, 0.0]"
364,Τὴν δὲ βαρὺ στενάχων προσέφη πόδας ὠκὺς Ἀχιλλεύς·,0,0,0,1,"[0.0, 0.0, 0.0, 1.0]"
365,Οἶσθα· τί ἤ τοι ταῦτα ἰδυίῃ πάντ' ἀγορεύω;,0.125,0.25,0.625,0,"[0.125, 0.25, 0.625, 0.0]"
366,"ᾠχόμεθ' ἐς Θήβην ἱερὴν πόλιν Ἠετίωνος,",0.25,0.375,0.375,0,"[0.25, 0.375, 0.375, 0.0]"
367,τὴν δὲ διεπράθομέν τε καὶ ἤγομεν ἐνθάδε πάντα·,0.25,0.25,0.5,0,"[0.25, 0.25, 0.5, 0.0]"
368,"καὶ τὰ μὲν εὖ δάσσαντο μετὰ σφίσιν υἷες Ἀχαιῶν,",0.25,0.25,0.5,0,"[0.25, 0.25, 0.5, 0.0]"
369,ἐκ δ' ἕλον Ἀτρεΐδῃ Χρυσηΐδα καλλιπάρῃον.,0.125,0.25,0.625,0,"[0.125, 0.25, 0.625, 0.0]"
370,Χρύσης δ' αὖθ' ἱερεὺς ἑκατηβόλου Ἀπόλλωνος   ,0.375,0.125,0.5,0,"[0.375, 0.125, 0.5, 0.0]"
371,ἦλθε θοὰς ἐπὶ νῆας Ἀχαιῶν χαλκοχιτώνων,0.25,0.375,0.375,0,"[0.25, 0.375, 0.375, 0.0]"
372,"λυσόμενός τε θύγατρα φέρων τ' ἀπερείσι' ἄποινα,",0.125,0.375,0.5,0,"[0.125, 0.375, 0.5, 0.0]"
373,στέμματ' ἔχων ἐν χερσὶν ἑκηβόλου Ἀπόλλωνος,0.125,0.5,0.375,0,"[0.125, 0.5, 0.375, 0.0]"
374,"χρυσέῳ ἀνὰ σκήπτρῳ, καὶ λίσσετο πάντας Ἀχαιούς,",0.125,0.25,0.625,0,"[0.125, 0.25, 0.625, 0.0]"
375,Ἀτρεΐδα δὲ μάλιστα δύω κοσμήτορε λαῶν.,0.5,0.125,0.375,0,"[0.5, 0.125, 0.375, 0.0]"
376,ἔνθ' ἄλλοι μὲν πάντες ἐπευφήμησαν Ἀχαιοὶ,0.125,0.375,0.5,0,"[0.125, 0.375, 0.5, 0.0]"
377,αἰδεῖσθαί θ' ἱερῆα καὶ ἀγλαὰ δέχθαι ἄποινα·,0.125,0.375,0.5,0,"[0.125, 0.375, 0.5, 0.0]"
378,"ἀλλ' οὐκ Ἀτρεΐδῃ Ἀγαμέμνονι ἥνδανε θυμῷ,",0.125,0.125,0.75,0,"[0.125, 0.125, 0.75, 0.0]"
379,"ἀλλὰ κακῶς ἀφίει, κρατερὸν δ' ἐπὶ μῦθον ἔτελλε·",0.125,0.125,0.75,0,"[0.125, 0.125, 0.75, 0.0]"
380,χωόμενος δ' ὁ γέρων πάλιν ᾤχετο· τοῖο δ' Ἀπόλλων   ,0.125,0.125,0.75,0,"[0.125, 0.125, 0.75, 0.0]"
381,"εὐξαμένου ἤκουσεν, ἐπεὶ μάλα οἱ φίλος ἦεν,",0.125,0.375,0.5,0,"[0.125, 0.375, 0.5, 0.0]"
382,ἧκε δ' ἐπ' Ἀργείοισι κακὸν βέλος· οἳ δέ νυ λαοὶ,0.125,0.125,0.75,0,"[0.125, 0.125, 0.75, 0.0]"
383,"θνῇσκον ἐπασσύτεροι, τὰ δ' ἐπῴχετο κῆλα θεοῖο",0.125,0.125,0.75,0,"[0.125, 0.125, 0.75, 0.0]"
384,πάντῃ ἀνὰ στρατὸν εὐρὺν Ἀχαιῶν· ἄμμι δὲ μάντις,0.375,0.125,0.5,0,"[0.375, 0.125, 0.5, 0.0]"
385,εὖ εἰδὼς ἀγόρευε θεοπροπίας Ἑκάτοιο.,0.5,0.125,0.375,0,"[0.5, 0.125, 0.375, 0.0]"
386,αὐτίκ' ἐγὼ πρῶτος κελόμην θεὸν ἱλάσκεσθαι·,0.25,0.5,0.25,0,"[0.25, 0.5, 0.25, 0.0]"
387,"Ἀτρεΐωνα δ' ἔπειτα χόλος λάβεν, αἶψα δ' ἀναστὰς",0.25,0.125,0.625,0,"[0.25, 0.125, 0.625, 0.0]"
388,ἠπείλησεν μῦθον ὃ δὴ τετελεσμένος ἐστί·,0.25,0.125,0.625,0,"[0.25, 0.125, 0.625, 0.0]"
389,τὴν μὲν γὰρ σὺν νηῒ θοῇ ἑλίκωπες Ἀχαιοὶ,0.375,0.25,0.375,0,"[0.375, 0.25, 0.375, 0.0]"
390,"ἐς Χρύσην πέμπουσιν, ἄγουσι δὲ δῶρα ἄνακτι·   ",0.25,0.375,0.375,0,"[0.25, 0.375, 0.375, 0.0]"
391,τὴν δὲ νέον κλισίηθεν ἔβαν κήρυκες ἄγοντες,0.125,0.125,0.75,0,"[0.125, 0.125, 0.75, 0.0]"
392,κούρην Βρισῆος τήν μοι δόσαν υἷες Ἀχαιῶν.,0.125,0.125,0.75,0,"[0.125, 0.125, 0.75, 0.0]"
393,ἀλλὰ σὺ εἰ δύνασαί γε περίσχεο παιδὸς ἑῆος·,0.125,0.5,0.375,0,"[0.125, 0.5, 0.375, 0.0]"
394,"ἐλθοῦσ' Οὔλυμπον δὲ Δία λίσαι, εἴ ποτε δή τι",0.25,0.375,0.375,0,"[0.25, 0.375, 0.375, 0.0]"
395,ἢ ἔπει ὤνησας κραδίην Διὸς ἠὲ καὶ ἔργῳ.,0.375,0.375,0.25,0,"[0.375, 0.375, 0.25, 0.0]"
396,πολλάκι γάρ σεο πατρὸς ἐνὶ μεγάροισιν ἄκουσα,0.25,0.375,0.25,0.125,"[0.25, 0.375, 0.25, 0.125]"
397,εὐχομένης ὅτ' ἔφησθα κελαινεφέϊ Κρονίωνι,0.25,0.5,0.25,0,"[0.25, 0.5, 0.25, 0.0]"
398,"οἴη ἐν ἀθανάτοισιν ἀεικέα λοιγὸν ἀμῦναι,",0.125,0.625,0.25,0,"[0.125, 0.625, 0.25, 0.0]"
399,ὁππότε μιν ξυνδῆσαι Ὀλύμπιοι ἤθελον ἄλλοι,0.125,0.375,0.5,0,"[0.125, 0.375, 0.5, 0.0]"
400,Ἥρη τ' ἠδὲ Ποσειδάων καὶ Παλλὰς Ἀθήνη·   ,0.25,0.375,0.25,0.125,"[0.25, 0.375, 0.25, 0.125]"
401,"ἀλλὰ σὺ τόν γ' ἐλθοῦσα θεὰ ὑπελύσαο δεσμῶν,",0,0.875,0.125,0,"[0.0, 0.875, 0.125, 0.0]"
402,"ὦχ' ἑκατόγχειρον καλέσασ' ἐς μακρὸν Ὄλυμπον,",0,0.625,0.25,0.125,"[0.0, 0.625, 0.25, 0.125]"
403,"ὃν Βριάρεων καλέουσι θεοί, ἄνδρες δέ τε πάντες",0.125,0.625,0.25,0,"[0.125, 0.625, 0.25, 0.0]"
404,Αἰγαίων' — ὃ γὰρ αὖτε βίην οὗ πατρὸς ἀμείνων —,0.125,0.5,0.25,0.125,"[0.125, 0.5, 0.25, 0.125]"
405,ὅς ῥα παρὰ Κρονίωνι καθέζετο κύδεϊ γαίων·,0.125,0.75,0.125,0,"[0.125, 0.75, 0.125, 0.0]"
406,τὸν καὶ ὑπέδεισαν μάκαρες θεοὶ οὐδ' ἔτ' ἔδησαν.,0.125,0.5,0.375,0,"[0.125, 0.5, 0.375, 0.0]"
407,τῶν νῦν μιν μνήσασα παρέζεο καὶ λαβὲ γούνων,0.25,0.5,0.25,0,"[0.25, 0.5, 0.25, 0.0]"
408,"αἴ κέν πως ἐθέλῃσιν ἐπὶ Τρώεσσιν ἀρῆξαι,",0.125,0.375,0.5,0,"[0.125, 0.375, 0.5, 0.0]"
409,τοὺς δὲ κατὰ πρύμνας τε καὶ ἀμφ' ἅλα ἔλσαι Ἀχαιοὺς,0,0.25,0.75,0,"[0.0, 0.25, 0.75, 0.0]"
410,"κτεινομένους, ἵνα πάντες ἐπαύρωνται βασιλῆος,   ",0,0.25,0.75,0,"[0.0, 0.25, 0.75, 0.0]"
411,γνῷ δὲ καὶ Ἀτρεΐδης εὐρὺ κρείων Ἀγαμέμνων,0.375,0.25,0.375,0,"[0.375, 0.25, 0.375, 0.0]"
412,ἣν ἄτην ὅ τ' ἄριστον Ἀχαιῶν οὐδὲν ἔτισεν.,0.125,0.25,0.625,0,"[0.125, 0.25, 0.625, 0.0]"
413,Τὸν δ' ἠμείβετ' ἔπειτα Θέτις κατὰ δάκρυ χέουσα·,0,0,1,0,"[0.0, 0.0, 1.0, 0.0]"
414,"Ὤ μοι τέκνον ἐμόν, τί νύ σ' ἔτρεφον αἰνὰ τεκοῦσα;",0,0,1,0,"[0.0, 0.0, 1.0, 0.0]"
415,αἴθ' ὄφελες παρὰ νηυσὶν ἀδάκρυτος καὶ ἀπήμων,0,0.125,0.875,0,"[0.0, 0.125, 0.875, 0.0]"
416,"ἧσθαι, ἐπεί νύ τοι αἶσα μίνυνθά περ οὔ τι μάλα δήν·",0,0,1,0,"[0.0, 0.0, 1.0, 0.0]"
417,νῦν δ' ἅμα τ' ὠκύμορος καὶ ὀϊζυρὸς περὶ πάντων,0,0,1,0,"[0.0, 0.0, 1.0, 0.0]"
418,ἔπλεο· τώ σε κακῇ αἴσῃ τέκον ἐν μεγάροισι.,0,0,1,0,"[0.0, 0.0, 1.0, 0.0]"
419,τοῦτο δέ τοι ἐρέουσα ἔπος Διὶ τερπικεραύνῳ,0,0.25,0.75,0,"[0.0, 0.25, 0.75, 0.0]"
420,εἶμ' αὐτὴ πρὸς Ὄλυμπον ἀγάννιφον αἴ κε πίθηται.   ,0.25,0.25,0.5,0,"[0.25, 0.25, 0.5, 0.0]"
421,ἀλλὰ σὺ μὲν νῦν νηυσὶ παρήμενος ὠκυπόροισι,0.25,0.25,0.5,0,"[0.25, 0.25, 0.5, 0.0]"
422,"μήνι' Ἀχαιοῖσιν, πολέμου δ' ἀποπαύεο πάμπαν·",0.125,0.25,0.625,0,"[0.125, 0.25, 0.625, 0.0]"
423,Ζεὺς γὰρ ἐς Ὠκεανὸν μετ' ἀμύμονας Αἰθιοπῆας,0.25,0.25,0.5,0,"[0.25, 0.25, 0.5, 0.0]"
424,"χθιζὸς ἔβη κατὰ δαῖτα, θεοὶ δ' ἅμα πάντες ἕποντο·",0.375,0.25,0.375,0,"[0.375, 0.25, 0.375, 0.0]"
425,"δωδεκάτῃ δέ τοι αὖτις ἐλεύσεται Οὔλυμπον δέ,",0.375,0.125,0.5,0,"[0.375, 0.125, 0.5, 0.0]"
426,"καὶ τότ' ἔπειτά τοι εἶμι Διὸς ποτὶ χαλκοβατὲς δῶ,",0.25,0.25,0.5,0,"[0.25, 0.25, 0.5, 0.0]"
427,καί μιν γουνάσομαι καί μιν πείσεσθαι ὀΐω.,0.125,0.375,0.5,0,"[0.125, 0.375, 0.5, 0.0]"
428,"Ὣς ἄρα φωνήσασ' ἀπεβήσετο, τὸν δὲ λίπ' αὐτοῦ",0.25,0.125,0.625,0,"[0.25, 0.125, 0.625, 0.0]"
429,χωόμενον κατὰ θυμὸν ἐϋζώνοιο γυναικὸς,0,0.125,0.875,0,"[0.0, 0.125, 0.875, 0.0]"
430,τήν ῥα βίῃ ἀέκοντος ἀπηύρων· αὐτὰρ Ὀδυσσεὺς   ,0.125,0.25,0.625,0,"[0.125, 0.25, 0.625, 0.0]"
431,ἐς Χρύσην ἵκανεν ἄγων ἱερὴν ἑκατόμβην.,0.375,0.375,0.25,0,"[0.375, 0.375, 0.25, 0.0]"
432,οἳ δ' ὅτε δὴ λιμένος πολυβενθέος ἐντὸς ἵκοντο,0.375,0.25,0.375,0,"[0.375, 0.25, 0.375, 0.0]"
433,"ἱστία μὲν στείλαντο, θέσαν δ' ἐν νηῒ μελαίνῃ,",0.25,0.25,0.5,0,"[0.25, 0.25, 0.5, 0.0]"
434,ἱστὸν δ' ἱστοδόκῃ πέλασαν προτόνοισιν ὑφέντες,0.5,0.25,0.25,0,"[0.5, 0.25, 0.25, 0.0]"
435,"καρπαλίμως, τὴν δ' εἰς ὅρμον προέρεσσαν ἐρετμοῖς.",0.5,0.25,0.25,0,"[0.5, 0.25, 0.25, 0.0]"
436,"ἐκ δ' εὐνὰς ἔβαλον, κατὰ δὲ πρυμνήσι' ἔδησαν·",0.375,0.25,0.375,0,"[0.375, 0.25, 0.375, 0.0]"
437,"ἐκ δὲ καὶ αὐτοὶ βαῖνον ἐπὶ ῥηγμῖνι θαλάσσης,",0.25,0.375,0.375,0,"[0.25, 0.375, 0.375, 0.0]"
438,ἐκ δ' ἑκατόμβην βῆσαν ἑκηβόλῳ Ἀπόλλωνι·,0.25,0.375,0.375,0,"[0.25, 0.375, 0.375, 0.0]"
439,ἐκ δὲ Χρυσηῒς νηὸς βῆ ποντοπόροιο.,0.25,0.375,0.375,0,"[0.25, 0.375, 0.375, 0.0]"
440,τὴν μὲν ἔπειτ' ἐπὶ βωμὸν ἄγων πολύμητις Ὀδυσσεὺς   ,0.25,0.5,0.25,0,"[0.25, 0.5, 0.25, 0.0]"
441,πατρὶ φίλῳ ἐν χερσὶ τίθει καί μιν προσέειπεν·,0.125,0.75,0.125,0,"[0.125, 0.75, 0.125, 0.0]"
442,"Ὤ Χρύση, πρό μ' ἔπεμψεν ἄναξ ἀνδρῶν Ἀγαμέμνων",0.125,0.75,0.125,0,"[0.125, 0.75, 0.125, 0.0]"
443,"παῖδά τε σοὶ ἀγέμεν, Φοίβῳ θ' ἱερὴν ἑκατόμβην",0,1,0,0,"[0.0, 1.0, 0.0, 0.0]"
444,"ῥέξαι ὑπὲρ Δαναῶν ὄφρ' ἱλασόμεσθα ἄνακτα,",0,0.875,0.125,0,"[0.0, 0.875, 0.125, 0.0]"
445,ὃς νῦν Ἀργείοισι πολύστονα κήδε' ἐφῆκεν.,0,0.625,0.375,0,"[0.0, 0.625, 0.375, 0.0]"
446,"Ὣς εἰπὼν ἐν χερσὶ τίθει, ὃ δὲ δέξατο χαίρων",0,0.875,0.125,0,"[0.0, 0.875, 0.125, 0.0]"
447,παῖδα φίλην· τοὶ δ' ὦκα θεῷ ἱερὴν ἑκατόμβην,0,1,0,0,"[0.0, 1.0, 0.0, 0.0]"
448,"ἑξείης ἔστησαν ἐΰδμητον περὶ βωμόν,",0.125,0.875,0,0,"[0.125, 0.875, 0.0, 0.0]"
449,χερνίψαντο δ' ἔπειτα καὶ οὐλοχύτας ἀνέλοντο.,0.375,0.625,0,0,"[0.375, 0.625, 0.0, 0.0]"
450,τοῖσιν δὲ Χρύσης μεγάλ' εὔχετο χεῖρας ἀνασχών·   ,0.25,0.75,0,0,"[0.25, 0.75, 0.0, 0.0]"
451,"Κλῦθί μευ ἀργυρότοξ', ὃς Χρύσην ἀμφιβέβηκας",0.25,0.75,0,0,"[0.25, 0.75, 0.0, 0.0]"
452,Κίλλάν τε ζαθέην Τενέδοιό τε ἶφι ἀνάσσεις·,0.25,0.625,0.125,0,"[0.25, 0.625, 0.125, 0.0]"
453,"ἦ μὲν δή ποτ' ἐμεῦ πάρος ἔκλυες εὐξαμένοιο,",0.125,0.75,0.125,0,"[0.125, 0.75, 0.125, 0.0]"
454,"τίμησας μὲν ἐμέ, μέγα δ' ἴψαο λαὸν Ἀχαιῶν·",0.125,0.5,0.375,0,"[0.125, 0.5, 0.375, 0.0]"
455,ἠδ' ἔτι καὶ νῦν μοι τόδ' ἐπικρήηνον ἐέλδωρ·,0,0.75,0.25,0,"[0.0, 0.75, 0.25, 0.0]"
456,ἤδη νῦν Δαναοῖσιν ἀεικέα λοιγὸν ἄμυνον.,0,1,0,0,"[0.0, 1.0, 0.0, 0.0]"
457,"Ὣς ἔφατ' εὐχόμενος, τοῦ δ' ἔκλυε Φοῖβος Ἀπόλλων.",0,0,0,1,"[0.0, 0.0, 0.0, 1.0]"
458,"αὐτὰρ ἐπεί ῥ' εὔξαντο καὶ οὐλοχύτας προβάλοντο,",0.375,0.625,0,0,"[0.375, 0.625, 0.0, 0.0]"
459,"αὐέρυσαν μὲν πρῶτα καὶ ἔσφαξαν καὶ ἔδειραν,",0.25,0.375,0.375,0,"[0.25, 0.375, 0.375, 0.0]"
460,μηρούς τ' ἐξέταμον κατά τε κνίσῃ ἐκάλυψαν   ,0.25,0.375,0.375,0,"[0.25, 0.375, 0.375, 0.0]"
461,"δίπτυχα ποιήσαντες, ἐπ' αὐτῶν δ' ὠμοθέτησαν·",0.375,0.375,0.25,0,"[0.375, 0.375, 0.25, 0.0]"
462,"καῖε δ' ἐπὶ σχίζῃς ὁ γέρων, ἐπὶ δ' αἴθοπα οἶνον",0.375,0.5,0.125,0,"[0.375, 0.5, 0.125, 0.0]"
463,λεῖβε· νέοι δὲ παρ' αὐτὸν ἔχον πεμπώβολα χερσίν.,0.375,0.5,0.125,0,"[0.375, 0.5, 0.125, 0.0]"
464,"αὐτὰρ ἐπεὶ κατὰ μῆρε κάη καὶ σπλάγχνα πάσαντο,",0.25,0.75,0,0,"[0.25, 0.75, 0.0, 0.0]"
465,"μίστυλλόν τ' ἄρα τἆλλα καὶ ἀμφ' ὀβελοῖσιν ἔπειραν,",0.25,0.5,0.25,0,"[0.25, 0.5, 0.25, 0.0]"
466,"ὤπτησάν τε περιφραδέως, ἐρύσαντό τε πάντα.",0.5,0.5,0,0,"[0.5, 0.5, 0.0, 0.0]"
467,αὐτὰρ ἐπεὶ παύσαντο πόνου τετύκοντό τε δαῖτα,0.5,0.5,0,0,"[0.5, 0.5, 0.0, 0.0]"
468,"δαίνυντ', οὐδέ τι θυμὸς ἐδεύετο δαιτὸς ἐΐσης.",0.125,0.875,0,0,"[0.125, 0.875, 0.0, 0.0]"
469,"αὐτὰρ ἐπεὶ πόσιος καὶ ἐδητύος ἐξ ἔρον ἕντο,",0.125,0.875,0,0,"[0.125, 0.875, 0.0, 0.0]"
470,"κοῦροι μὲν κρητῆρας ἐπεστέψαντο ποτοῖο,   ",0.25,0.75,0,0,"[0.25, 0.75, 0.0, 0.0]"
471,νώμησαν δ' ἄρα πᾶσιν ἐπαρξάμενοι δεπάεσσιν·,0.125,0.875,0,0,"[0.125, 0.875, 0.0, 0.0]"
472,οἳ δὲ πανημέριοι μολπῇ θεὸν ἱλάσκοντο,0.125,0.875,0,0,"[0.125, 0.875, 0.0, 0.0]"
473,καλὸν ἀείδοντες παιήονα κοῦροι Ἀχαιῶν,0.125,0.875,0,0,"[0.125, 0.875, 0.0, 0.0]"
474,μέλποντες ἑκάεργον· ὃ δὲ φρένα τέρπετ' ἀκούων.,0.125,0.875,0,0,"[0.125, 0.875, 0.0, 0.0]"
475,"Ἦμος δ' ἠέλιος κατέδυ καὶ ἐπὶ κνέφας ἦλθε,",0.375,0.625,0,0,"[0.375, 0.625, 0.0, 0.0]"
476,δὴ τότε κοιμήσαντο παρὰ πρυμνήσια νηός·,0.375,0.625,0,0,"[0.375, 0.625, 0.0, 0.0]"
477,"ἦμος δ' ἠριγένεια φάνη ῥοδοδάκτυλος Ἠώς,",0.25,0.75,0,0,"[0.25, 0.75, 0.0, 0.0]"
478,καὶ τότ' ἔπειτ' ἀνάγοντο μετὰ στρατὸν εὐρὺν Ἀχαιῶν·,0.25,0.5,0.125,0.125,"[0.25, 0.5, 0.125, 0.125]"
479,τοῖσιν δ' ἴκμενον οὖρον ἵει ἑκάεργος Ἀπόλλων·,0.125,0.875,0,0,"[0.125, 0.875, 0.0, 0.0]"
480,"οἳ δ' ἱστὸν στήσαντ' ἀνά θ' ἱστία λευκὰ πέτασσαν,   ",0.125,0.875,0,0,"[0.125, 0.875, 0.0, 0.0]"
481,"ἐν δ' ἄνεμος πρῆσεν μέσον ἱστίον, ἀμφὶ δὲ κῦμα",0.25,0.75,0,0,"[0.25, 0.75, 0.0, 0.0]"
482,στείρῃ πορφύρεον μεγάλ' ἴαχε νηὸς ἰούσης·,0.5,0.5,0,0,"[0.5, 0.5, 0.0, 0.0]"
483,ἣ δ' ἔθεεν κατὰ κῦμα διαπρήσσουσα κέλευθον.,0.375,0.5,0.125,0,"[0.375, 0.5, 0.125, 0.0]"
484,"αὐτὰρ ἐπεί ῥ' ἵκοντο κατὰ στρατὸν εὐρὺν Ἀχαιῶν,",0.25,0.75,0,0,"[0.25, 0.75, 0.0, 0.0]"
485,νῆα μὲν οἵ γε μέλαιναν ἐπ' ἠπείροιο ἔρυσσαν,0.375,0.625,0,0,"[0.375, 0.625, 0.0, 0.0]"
486,"ὑψοῦ ἐπὶ ψαμάθοις, ὑπὸ δ' ἕρματα μακρὰ τάνυσσαν·",0.5,0.5,0,0,"[0.5, 0.5, 0.0, 0.0]"
487,αὐτοὶ δ' ἐσκίδναντο κατὰ κλισίας τε νέας τε.,0.125,0.875,0,0,"[0.125, 0.875, 0.0, 0.0]"
488,Αὐτὰρ ὃ μήνιε νηυσὶ παρήμενος ὠκυπόροισι,0,0,0,1,"[0.0, 0.0, 0.0, 1.0]"
489,διογενὴς Πηλῆος υἱὸς πόδας ὠκὺς Ἀχιλλεύς·,0.125,0.25,0.625,0,"[0.125, 0.25, 0.625, 0.0]"
490,οὔτέ ποτ' εἰς ἀγορὴν πωλέσκετο κυδιάνειραν   ,0.125,0.25,0.625,0,"[0.125, 0.25, 0.625, 0.0]"
491,"οὔτέ ποτ' ἐς πόλεμον, ἀλλὰ φθινύθεσκε φίλον κῆρ",0.125,0.125,0.75,0,"[0.125, 0.125, 0.75, 0.0]"
492,"αὖθι μένων, ποθέεσκε δ' ἀϋτήν τε πτόλεμόν τε.",0.125,0.25,0.625,0,"[0.125, 0.25, 0.625, 0.0]"
493,"Ἀλλ' ὅτε δή ῥ' ἐκ τοῖο δυωδεκάτη γένετ' ἠώς,",0,0,0,1,"[0.0, 0.0, 0.0, 1.0]"
494,καὶ τότε δὴ πρὸς Ὄλυμπον ἴσαν θεοὶ αἰὲν ἐόντες,0.25,0.5,0.25,0,"[0.25, 0.5, 0.25, 0.0]"
495,"πάντες ἅμα, Ζεὺς δ' ἦρχε· Θέτις δ' οὐ λήθετ' ἐφετμέων",0.25,0.375,0.25,0.125,"[0.25, 0.375, 0.25, 0.125]"
496,"παιδὸς ἑοῦ, ἀλλ' ἥ γ' ἀνεδύσετο κῦμα θαλάσσης.",0.25,0.5,0.25,0,"[0.25, 0.5, 0.25, 0.0]"
497,ἠερίη δ' ἀνέβη μέγαν οὐρανὸν Οὔλυμπόν τε.,0.5,0.375,0.125,0,"[0.5, 0.375, 0.125, 0.0]"
498,εὗρεν δ' εὐρύοπα Κρονίδην ἄτερ ἥμενον ἄλλων,0.375,0.375,0.25,0,"[0.375, 0.375, 0.25, 0.0]"
499,ἀκροτάτῃ κορυφῇ πολυδειράδος Οὐλύμποιο·,0.5,0.375,0.125,0,"[0.5, 0.375, 0.125, 0.0]"
500,"καί ῥα πάροιθ' αὐτοῖο καθέζετο, καὶ λάβε γούνων   ",0.375,0.375,0.25,0,"[0.375, 0.375, 0.25, 0.0]"
501,"σκαιῇ, δεξιτερῇ δ' ἄρ' ὑπ' ἀνθερεῶνος ἑλοῦσα",0.25,0.5,0.25,0,"[0.25, 0.5, 0.25, 0.0]"
502,λισσομένη προσέειπε Δία Κρονίωνα ἄνακτα·,0.125,0.5,0.375,0,"[0.125, 0.5, 0.375, 0.0]"
503,"Ζεῦ πάτερ, εἴ ποτε δή σε μετ' ἀθανάτοισιν ὄνησα",0.125,0.625,0.25,0,"[0.125, 0.625, 0.25, 0.0]"
504,"ἢ ἔπει ἢ ἔργῳ, τόδε μοι κρήηνον ἐέλδωρ·",0,0.75,0.25,0,"[0.0, 0.75, 0.25, 0.0]"
505,τίμησόν μοι υἱὸν ὃς ὠκυμορώτατος ἄλλων,0,0.625,0.375,0,"[0.0, 0.625, 0.375, 0.0]"
506,ἔπλετ'· ἀτάρ μιν νῦν γε ἄναξ ἀνδρῶν Ἀγαμέμνων,0.25,0.25,0.5,0,"[0.25, 0.25, 0.5, 0.0]"
507,ἠτίμησεν· ἑλὼν γὰρ ἔχει γέρας αὐτὸς ἀπούρας.,0,0.25,0.75,0,"[0.0, 0.25, 0.75, 0.0]"
508,ἀλλὰ σύ πέρ μιν τῖσον Ὀλύμπιε μητίετα Ζεῦ·,0,0.75,0.25,0,"[0.0, 0.75, 0.25, 0.0]"
509,τόφρα δ' ἐπὶ Τρώεσσι τίθει κράτος ὄφρ' ἂν Ἀχαιοὶ,0,0.375,0.625,0,"[0.0, 0.375, 0.625, 0.0]"
510,υἱὸν ἐμὸν τίσωσιν ὀφέλλωσίν τέ ἑ τιμῇ.   ,0,0.375,0.625,0,"[0.0, 0.375, 0.625, 0.0]"
511,"Ὣς φάτο· τὴν δ' οὔ τι προσέφη νεφεληγερέτα Ζεύς,",0,0,0,1,"[0.0, 0.0, 0.0, 1.0]"
512,ἀλλ' ἀκέων δὴν ἧστο· Θέτις δ' ὡς ἥψατο γούνων,0.25,0.25,0.5,0,"[0.25, 0.25, 0.5, 0.0]"
513,"ὣς ἔχετ' ἐμπεφυυῖα, καὶ εἴρετο δεύτερον αὖτις·",0.125,0.375,0.5,0,"[0.125, 0.375, 0.5, 0.0]"
514,Νημερτὲς μὲν δή μοι ὑπόσχεο καὶ κατάνευσον,0,0.375,0.625,0,"[0.0, 0.375, 0.625, 0.0]"
515,"ἢ ἀπόειπ', ἐπεὶ οὔ τοι ἔπι δέος, ὄφρ' ἐῢ εἰδῶ",0,0.375,0.625,0,"[0.0, 0.375, 0.625, 0.0]"
516,ὅσσον ἐγὼ μετὰ πᾶσιν ἀτιμοτάτη θεός εἰμι.,0,0.25,0.75,0,"[0.0, 0.25, 0.75, 0.0]"
517,Τὴν δὲ μέγ' ὀχθήσας προσέφη νεφεληγερέτα Ζεύς·,0,0,0,1,"[0.0, 0.0, 0.0, 1.0]"
518,Ἦ δὴ λοίγια ἔργ' ὅ τέ μ' ἐχθοδοπῆσαι ἐφήσεις,0,0.125,0.875,0,"[0.0, 0.125, 0.875, 0.0]"
519,Ἥρῃ ὅτ' ἄν μ' ἐρέθῃσιν ὀνειδείοις ἐπέεσσιν·,0,0.125,0.875,0,"[0.0, 0.125, 0.875, 0.0]"
520,ἣ δὲ καὶ αὔτως μ' αἰεὶ ἐν ἀθανάτοισι θεοῖσι   ,0,0.125,0.875,0,"[0.0, 0.125, 0.875, 0.0]"
521,"νεικεῖ, καί τέ μέ φησι μάχῃ Τρώεσσιν ἀρήγειν.",0,0.125,0.875,0,"[0.0, 0.125, 0.875, 0.0]"
522,ἀλλὰ σὺ μὲν νῦν αὖτις ἀπόστιχε μή τι νοήσῃ,0.125,0.125,0.75,0,"[0.125, 0.125, 0.75, 0.0]"
523,Ἥρη· ἐμοὶ δέ κε ταῦτα μελήσεται ὄφρα τελέσσω·,0.125,0.625,0.25,0,"[0.125, 0.625, 0.25, 0.0]"
524,εἰ δ' ἄγε τοι κεφαλῇ κατανεύσομαι ὄφρα πεποίθῃς·,0.125,0.625,0.25,0,"[0.125, 0.625, 0.25, 0.0]"
525,τοῦτο γὰρ ἐξ ἐμέθεν γε μετ' ἀθανάτοισι μέγιστον,0.125,0.625,0.25,0,"[0.125, 0.625, 0.25, 0.0]"
526,τέκμωρ· οὐ γὰρ ἐμὸν παλινάγρετον οὐδ' ἀπατηλὸν,0.125,0.5,0.375,0,"[0.125, 0.5, 0.375, 0.0]"
527,οὐδ' ἀτελεύτητον ὅ τί κεν κεφαλῇ κατανεύσω.,0.25,0.5,0.25,0,"[0.25, 0.5, 0.25, 0.0]"
528,Ἦ καὶ κυανέῃσιν ἐπ' ὀφρύσι νεῦσε Κρονίων·,0,0,0,1,"[0.0, 0.0, 0.0, 1.0]"
529,ἀμβρόσιαι δ' ἄρα χαῖται ἐπεῤῥώσαντο ἄνακτος,0.125,0.5,0.375,0,"[0.125, 0.5, 0.375, 0.0]"
530,κρατὸς ἀπ' ἀθανάτοιο· μέγαν δ' ἐλέλιξεν Ὄλυμπον.   ,0.125,0.5,0.375,0,"[0.125, 0.5, 0.375, 0.0]"
531,Τώ γ' ὣς βουλεύσαντε διέτμαγεν· ἣ μὲν ἔπειτα,0,0,0,1,"[0.0, 0.0, 0.0, 1.0]"
532,"εἰς ἅλα ἆλτο βαθεῖαν ἀπ' αἰγλήεντος Ὀλύμπου,",0.375,0.5,0.125,0,"[0.375, 0.5, 0.125, 0.0]"
533,Ζεὺς δὲ ἑὸν πρὸς δῶμα· θεοὶ δ' ἅμα πάντες ἀνέσταν,0.125,0.75,0.125,0,"[0.125, 0.75, 0.125, 0.0]"
534,ἐξ ἑδέων σφοῦ πατρὸς ἐναντίον· οὐδέ τις ἔτλη,0.125,0.75,0.125,0,"[0.125, 0.75, 0.125, 0.0]"
535,"μεῖναι ἐπερχόμενον, ἀλλ' ἀντίοι ἔσταν ἅπαντες.",0.125,0.625,0.25,0,"[0.125, 0.625, 0.25, 0.0]"
536,ὣς ὃ μὲν ἔνθα καθέζετ' ἐπὶ θρόνου· οὐδέ μιν Ἥρη,0.375,0.25,0.375,0,"[0.375, 0.25, 0.375, 0.0]"
537,ἠγνοίησεν ἰδοῦσ' ὅτι οἱ συμφράσσατο βουλὰς,0.375,0.25,0.375,0,"[0.375, 0.25, 0.375, 0.0]"
538,ἀργυρόπεζα Θέτις θυγάτηρ ἁλίοιο γέροντος.,0.125,0.375,0.5,0,"[0.125, 0.375, 0.5, 0.0]"
539,αὐτίκα κερτομίοισι Δία Κρονίωνα προσηύδα·,0.25,0.25,0.5,0,"[0.25, 0.25, 0.5, 0.0]"
540,Τίς δ' αὖ τοι δολομῆτα θεῶν συμφράσσατο βουλάς;   ,0,0.375,0.625,0,"[0.0, 0.375, 0.625, 0.0]"
541,αἰεί τοι φίλον ἐστὶν ἐμεῦ ἀπὸ νόσφιν ἐόντα,0,0.25,0.75,0,"[0.0, 0.25, 0.75, 0.0]"
542,κρυπτάδια φρονέοντα δικαζέμεν· οὐδέ τί πώ μοι,0,0.25,0.75,0,"[0.0, 0.25, 0.75, 0.0]"
543,πρόφρων τέτληκας εἰπεῖν ἔπος ὅττι νοήσῃς.,0.125,0.25,0.625,0,"[0.125, 0.25, 0.625, 0.0]"
544,Τὴν δ' ἠμείβετ' ἔπειτα πατὴρ ἀνδρῶν τε θεῶν τε·,0,0,0,1,"[0.0, 0.0, 0.0, 1.0]"
545,"Ἥρη, μὴ δὴ πάντας ἐμοὺς ἐπιέλπεο μύθους",0,0.5,0.5,0,"[0.0, 0.5, 0.5, 0.0]"
546,εἰδήσειν· χαλεποί τοι ἔσοντ' ἀλόχῳ περ ἐούσῃ·,0,0.625,0.375,0,"[0.0, 0.625, 0.375, 0.0]"
547,ἀλλ' ὃν μέν κ' ἐπιεικὲς ἀκουέμεν οὔ τις ἔπειτα,0.125,0.625,0.25,0,"[0.125, 0.625, 0.25, 0.0]"
548,οὔτε θεῶν πρότερος τὸν εἴσεται οὔτ' ἀνθρώπων·,0.125,0.75,0.125,0,"[0.125, 0.75, 0.125, 0.0]"
549,ὃν δέ κ' ἐγὼν ἀπάνευθε θεῶν ἐθέλωμι νοῆσαι,0.25,0.5,0.25,0,"[0.25, 0.5, 0.25, 0.0]"
550,μή τι σὺ ταῦτα ἕκαστα διείρεο μηδὲ μετάλλα.   ,0,0.5,0.5,0,"[0.0, 0.5, 0.5, 0.0]"
551,Τὸν δ' ἠμείβετ' ἔπειτα βοῶπις πότνια Ἥρη·,0.625,0.25,0.125,0,"[0.625, 0.25, 0.125, 0.0]"
552,"Αἰνότατε Κρονίδη, ποῖον τὸν μῦθον ἔειπες;",0,0.5,0.5,0,"[0.0, 0.5, 0.5, 0.0]"
553,"καὶ λίην σε πάρος γ' οὔτ' εἴρομαι οὔτε μεταλλῶ,",0,0.5,0.5,0,"[0.0, 0.5, 0.5, 0.0]"
554,ἀλλὰ μάλ' εὔκηλος τὰ φράζεαι ἅσσ' ἐθέλῃσθα.,0,0.625,0.375,0,"[0.0, 0.625, 0.375, 0.0]"
555,νῦν δ' αἰνῶς δείδοικα κατὰ φρένα μή σε παρείπῃ,0,0.25,0.75,0,"[0.0, 0.25, 0.75, 0.0]"
556,ἀργυρόπεζα Θέτις θυγάτηρ ἁλίοιο γέροντος·,0.25,0.375,0.375,0,"[0.25, 0.375, 0.375, 0.0]"
557,ἠερίη γὰρ σοί γε παρέζετο καὶ λάβε γούνων·,0,0.375,0.625,0,"[0.0, 0.375, 0.625, 0.0]"
558,τῇ σ' ὀΐω κατανεῦσαι ἐτήτυμον ὡς Ἀχιλῆα,0,0.375,0.625,0,"[0.0, 0.375, 0.625, 0.0]"
559,"τιμήσῃς, ὀλέσῃς δὲ πολέας ἐπὶ νηυσὶν Ἀχαιῶν.",0,0.25,0.75,0,"[0.0, 0.25, 0.75, 0.0]"
560,Τὴν δ' ἀπαμειβόμενος προσέφη νεφεληγερέτα Ζεύς·   ,0.625,0.125,0.25,0,"[0.625, 0.125, 0.25, 0.0]"
561,Δαιμονίη αἰεὶ μὲν ὀΐεαι οὐδέ σε λήθω·,0,0.25,0.75,0,"[0.0, 0.25, 0.75, 0.0]"
562,"πρῆξαι δ' ἔμπης οὔ τι δυνήσεαι, ἀλλ' ἀπὸ θυμοῦ",0,0.25,0.75,0,"[0.0, 0.25, 0.75, 0.0]"
563,μᾶλλον ἐμοὶ ἔσεαι· τὸ δέ τοι καὶ ῥίγιον ἔσται.,0,0.25,0.75,0,"[0.0, 0.25, 0.75, 0.0]"
564,εἰ δ' οὕτω τοῦτ' ἐστὶν ἐμοὶ μέλλει φίλον εἶναι·,0,0.375,0.625,0,"[0.0, 0.375, 0.625, 0.0]"
565,"ἀλλ' ἀκέουσα κάθησο, ἐμῷ δ' ἐπιπείθεο μύθῳ,",0,0.25,0.75,0,"[0.0, 0.25, 0.75, 0.0]"
566,μή νύ τοι οὐ χραίσμωσιν ὅσοι θεοί εἰσ' ἐν Ὀλύμπῳ,0.125,0.25,0.625,0,"[0.125, 0.25, 0.625, 0.0]"
567,"ἆσσον ἰόνθ', ὅτε κέν τοι ἀάπτους χεῖρας ἐφείω.",0,0.25,0.75,0,"[0.0, 0.25, 0.75, 0.0]"
568,"Ὣς ἔφατ' ἔδεισεν δὲ βοῶπις πότνια Ἥρη,",0,0,0,1,"[0.0, 0.0, 0.0, 1.0]"
569,καί ῥ' ἀκέουσα καθῆστο ἐπιγνάμψασα φίλον κῆρ·,0,0.25,0.75,0,"[0.0, 0.25, 0.75, 0.0]"
570,ὄχθησαν δ' ἀνὰ δῶμα Διὸς θεοὶ Οὐρανίωνες·   ,0.125,0.375,0.5,0,"[0.125, 0.375, 0.5, 0.0]"
571,τοῖσιν δ' Ἥφαιστος κλυτοτέχνης ἦρχ' ἀγορεύειν,0.375,0.375,0.25,0,"[0.375, 0.375, 0.25, 0.0]"
572,μητρὶ φίλῃ ἐπίηρα φέρων λευκωλένῳ Ἥρῃ·,0.125,0.75,0.125,0,"[0.125, 0.75, 0.125, 0.0]"
573,"Ἦ δὴ λοίγια ἔργα τάδ' ἔσσεται οὐδ' ἔτ' ἀνεκτά,",0,0.25,0.625,0.125,"[0.0, 0.25, 0.625, 0.125]"
574,"εἰ δὴ σφὼ ἕνεκα θνητῶν ἐριδαίνετον ὧδε,",0,0.25,0.75,0,"[0.0, 0.25, 0.75, 0.0]"
575,ἐν δὲ θεοῖσι κολῳὸν ἐλαύνετον· οὐδέ τι δαιτὸς,0,0.25,0.75,0,"[0.0, 0.25, 0.75, 0.0]"
576,"ἐσθλῆς ἔσσεται ἦδος, ἐπεὶ τὰ χερείονα νικᾷ.",0,0.25,0.75,0,"[0.0, 0.25, 0.75, 0.0]"
577,μητρὶ δ' ἐγὼ παράφημι καὶ αὐτῇ περ νοεούσῃ,0.125,0.625,0.25,0,"[0.125, 0.625, 0.25, 0.0]"
578,"πατρὶ φίλῳ ἐπίηρα φέρειν Διί, ὄφρα μὴ αὖτε",0,0.75,0.25,0,"[0.0, 0.75, 0.25, 0.0]"
579,"νεικείῃσι πατήρ, σὺν δ' ἡμῖν δαῖτα ταράξῃ.",0,0.625,0.375,0,"[0.0, 0.625, 0.375, 0.0]"
580,εἴ περ γάρ κ' ἐθέλῃσιν Ὀλύμπιος ἀστεροπητὴς   ,0,0.625,0.375,0,"[0.0, 0.625, 0.375, 0.0]"
581,ἐξ ἑδέων στυφελίξαι· ὃ γὰρ πολὺ φέρτατός ἐστιν.,0,0.5,0.5,0,"[0.0, 0.5, 0.5, 0.0]"
582,ἀλλὰ σὺ τὸν ἐπέεσσι καθάπτεσθαι μαλακοῖσιν·,0,0.875,0.125,0,"[0.0, 0.875, 0.125, 0.0]"
583,αὐτίκ' ἔπειθ' ἵλαος Ὀλύμπιος ἔσσεται ἡμῖν.,0.125,0.875,0,0,"[0.125, 0.875, 0.0, 0.0]"
584,Ὣς ἄρ' ἔφη καὶ ἀναΐξας δέπας ἀμφικύπελλον,0,0,0,1,"[0.0, 0.0, 0.0, 1.0]"
585,μητρὶ φίλῃ ἐν χειρὶ τίθει καί μιν προσέειπε·,0.375,0.5,0.125,0,"[0.375, 0.5, 0.125, 0.0]"
586,"Τέτλαθι, μῆτερ ἐμή, καὶ ἀνάσχεο κηδομένη περ,",0,0.875,0.125,0,"[0.0, 0.875, 0.125, 0.0]"
587,μή σε φίλην περ ἐοῦσαν ἐν ὀφθαλμοῖσιν ἴδωμαι,0,0.875,0.125,0,"[0.0, 0.875, 0.125, 0.0]"
588,"θεινομένην, τότε δ' οὔ τι δυνήσομαι ἀχνύμενός περ",0,0.75,0.25,0,"[0.0, 0.75, 0.25, 0.0]"
589,χραισμεῖν· ἀργαλέος γὰρ Ὀλύμπιος ἀντιφέρεσθαι·,0,0.625,0.375,0,"[0.0, 0.625, 0.375, 0.0]"
590,ἤδη γάρ με καὶ ἄλλοτ' ἀλεξέμεναι μεμαῶτα   ,0.125,0.5,0.375,0,"[0.125, 0.5, 0.375, 0.0]"
591,"ῥῖψε ποδὸς τετάγων ἀπὸ βηλοῦ θεσπεσίοιο,",0.125,0.25,0.625,0,"[0.125, 0.25, 0.625, 0.0]"
592,"πᾶν δ' ἦμαρ φερόμην, ἅμα δ' ἠελίῳ καταδύντι",0.125,0.25,0.625,0,"[0.125, 0.25, 0.625, 0.0]"
593,"κάππεσον ἐν Λήμνῳ, ὀλίγος δ' ἔτι θυμὸς ἐνῆεν·",0.125,0.375,0.5,0,"[0.125, 0.375, 0.5, 0.0]"
594,ἔνθά με Σίντιες ἄνδρες ἄφαρ κομίσαντο πεσόντα.,0,0.75,0.25,0,"[0.0, 0.75, 0.25, 0.0]"
595,"Ὣς φάτο, μείδησεν δὲ θεὰ λευκώλενος Ἥρη,",0,0,0,1,"[0.0, 0.0, 0.0, 1.0]"
596,μειδήσασα δὲ παιδὸς ἐδέξατο χειρὶ κύπελλον·,0,0.875,0.125,0,"[0.0, 0.875, 0.125, 0.0]"
597,αὐτὰρ ὃ τοῖς ἄλλοισι θεοῖς ἐνδέξια πᾶσιν,0.25,0.625,0.125,0,"[0.25, 0.625, 0.125, 0.0]"
598,οἰνοχόει γλυκὺ νέκταρ ἀπὸ κρητῆρος ἀφύσσων·,0,0.875,0.125,0,"[0.0, 0.875, 0.125, 0.0]"
599,ἄσβεστος δ' ἄρ' ἐνῶρτο γέλως μακάρεσσι θεοῖσιν,0,0.75,0.25,0,"[0.0, 0.75, 0.25, 0.0]"
600,ὡς ἴδον Ἥφαιστον διὰ δώματα ποιπνύοντα.   ,0.25,0.25,0.5,0,"[0.25, 0.25, 0.5, 0.0]"
601,Ὣς τότε μὲν πρόπαν ἦμαρ ἐς ἠέλιον καταδύντα,0,0,0,1,"[0.0, 0.0, 0.0, 1.0]"
602,"δαίνυντ', οὐδέ τι θυμὸς ἐδεύετο δαιτὸς ἐΐσης,",0.375,0.625,0,0,"[0.375, 0.625, 0.0, 0.0]"
603,"οὐ μὲν φόρμιγγος περικαλλέος ἣν ἔχ' Ἀπόλλων,",0.125,0.625,0.125,0.125,"[0.125, 0.625, 0.125, 0.125]"
604,Μουσάων θ' αἳ ἄειδον ἀμειβόμεναι ὀπὶ καλῇ.,0.375,0.5,0.125,0,"[0.375, 0.5, 0.125, 0.0]"
605,"Αὐτὰρ ἐπεὶ κατέδυ λαμπρὸν φάος ἠελίοιο,",0,0,0,1,"[0.0, 0.0, 0.0, 1.0]"
606,"οἳ μὲν κακκείοντες ἔβαν οἶκον δὲ ἕκαστος,",0.25,0.625,0.125,0,"[0.25, 0.625, 0.125, 0.0]"
607,ἧχι ἑκάστῳ δῶμα περικλυτὸς ἀμφιγυήεις,0.375,0.625,0,0,"[0.375, 0.625, 0.0, 0.0]"
608,Ἥφαιστος ποίησεν ἰδυίῃσι πραπίδεσσι·,0.25,0.75,0,0,"[0.25, 0.75, 0.0, 0.0]"
609,"Ζεὺς δὲ πρὸς ὃν λέχος ἤϊ' Ὀλύμπιος ἀστεροπητής,",0.25,0.75,0,0,"[0.25, 0.75, 0.0, 0.0]"
610,ἔνθα πάρος κοιμᾶθ' ὅτε μιν γλυκὺς ὕπνος ἱκάνοι·   ,0.125,0.875,0,0,"[0.125, 0.875, 0.0, 0.0]"
611,"ἔνθα καθεῦδ' ἀναβάς, παρὰ δὲ χρυσόθρονος Ἥρη.",0.125,0.875,0,0,"[0.125, 0.875, 0.0, 0.0]"